Subject,FAC1,FAC2,FAC3,FAC4,FAC5,FAC6,FAC7,FAC8,FAC9
100206,-2.19322,-3.24582,-0.3565,-0.19601,-3.27659,1.04789,-3.29911,-2.54841,-2.13112
100307,0.10101,4.40783,-2.28429,3.43902,2.80362,-3.04794,2.3413,-0.66747,0.84274
100408,-0.83148,-4.7236,-0.68458,1.3798,4.53747,0.33145,-4.6992,-2.34972,2.07273
100610,-3.14493,-4.11641,-4.05372,4.44089,1.99478,-2.67238,2.46204,-4.28783,-3.20867
101107,-4.96598,-4.03152,-3.51658,1.45762,-3.86265,-2.6214,1.51533,3.55707,1.57449
101309,-0.78382,0.43219,0.30508,0.50734,0.17685,4.80278,2.25869,-0.6633,-0.47164
101410,-3.71168,0.12864,2.85109,4.08283,0.40834,0.44076,3.41883,-1.25552,-1.89356
101915,-4.2378,3.73291,2.10656,-2.81845,2.57776,-4.23772,1.14446,-2.95911,0.41416
102008,-0.88916,1.57972,-4.12997,2.53589,-0.02123,2.27484,3.83379,4.23613,2.9023
102311,3.85916,0.0141,2.85137,2.43636,3.6756,-2.7886,-1.02555,1.30852,-0.20688
102513,-0.01072,-3.15176,-4.96095,1.88631,1.01161,-2.25234,-4.52713,3.53704,0.58859
102614,-3.86647,-0.31906,4.93875,-1.33532,2.38656,-0.8193,2.24213,4.51358,3.18464
102715,-2.08989,2.06426,2.4663,1.28079,4.85232,-3.82492,3.43856,-0.56913,1.93674
102816,-3.59338,1.98298,-2.09923,-2.83732,0.76293,-0.82698,-0.47204,-3.85298,-2.17861
103010,-3.55406,-2.45079,-2.26322,-1.79018,-4.35116,-1.52195,-1.2726,3.26996,-0.72661
103111,-1.05623,-3.72454,1.11138,-0.4067,0.56253,-4.10789,-1.39764,-1.95735,-1.77543
103212,4.7143,4.10357,-2.71695,-2.05872,-0.72154,1.35465,-1.60807,4.35085,2.57245
103414,1.47856,2.98766,2.80423,0.48852,-2.88892,1.87467,1.12946,0.04891,1.07474
103515,0.81645,3.13428,-3.10066,1.70598,-0.98782,0.73947,-1.01919,-4.00358,-3.51526
103818,-2.16137,3.65556,4.06639,-0.44881,2.67268,2.00854,-0.87778,-4.78513,3.53518
104012,2.62127,4.16533,4.84583,0.12192,2.7886,-0.37098,0.07004,-0.90463,-2.70217
104416,3.46631,-2.37953,-1.51947,-3.9237,-4.3454,3.63431,-4.5596,3.20639,-1.95952
104820,-3.93317,3.14892,-0.67867,-0.64221,-2.87841,4.96828,3.49993,3.02293,-1.94386
105014,-1.0013,-3.69149,2.68118,-1.41239,-4.88129,0.11496,4.74166,1.65489,0.0067
105115,-3.89339,-2.92731,1.14794,2.45793,3.27656,1.15699,1.77774,3.07081,-1.74602
105216,1.90316,-0.7095,-0.56802,-1.14535,-2.14005,-0.32871,-1.89618,1.17892,-2.02841
105620,-0.80736,-0.53201,-1.376,-0.51904,4.43198,-4.65915,2.00265,1.59851,-1.39861
105923,-3.90285,0.91654,-1.75097,-3.53546,2.90093,-1.04311,4.99683,-2.01095,-4.76308
106016,-3.22325,3.21888,-3.70718,2.40491,1.57688,1.27555,-0.64645,1.47518,-4.52468
106319,-4.34073,-4.92586,-2.76982,3.75685,0.72063,3.88744,4.23574,3.24352,0.01715
106521,-4.9953,1.52003,0.06677,-0.96758,4.45969,-2.27366,4.39612,0.14291,-2.64906
106824,3.92621,0.95686,-2.58759,-1.7265,0.47505,2.17267,0.6546,-1.63554,4.35262
107018,0.59633,4.89906,-3.02577,-2.24973,-2.95484,2.63651,-2.37992,1.68507,-1.68498
107220,-3.50178,4.13312,-3.32534,-4.15153,0.07817,1.34653,4.63434,4.72057,0.83653
107321,3.23999,2.10692,-3.17545,0.37997,2.72748,4.0049,0.96705,-2.72168,-4.10444
107422,-2.30606,-2.13748,-3.60873,0.03152,-1.21047,0.6183,-0.03252,2.76114,-4.90189
107725,3.82061,0.23591,-3.56433,-4.03358,-3.01314,-0.51361,-3.8819,-0.6773,-3.54984
108020,-0.56624,1.90198,-0.37384,0.57619,1.57754,-0.83718,-3.42607,1.56591,0.03201
108121,-4.70917,3.86588,-3.17254,-1.5539,4.29896,2.53393,-4.49466,-0.69174,2.28182
108222,3.63923,-0.13921,-2.34173,-2.45949,-1.01786,3.88247,-1.59235,3.67966,0.10215
108323,-0.08787,-2.42828,2.33112,-3.02176,-1.51134,-2.4046,4.61392,2.50091,-0.7178
108525,3.14245,-4.12643,-0.46862,1.22202,-4.16557,3.16414,-0.49429,-1.90518,4.88782
108828,0.88066,4.9205,-1.81671,-2.76172,2.06789,-0.63405,-1.30129,-4.3336,4.09801
109123,-3.20594,4.91748,-2.40937,3.06056,1.29335,-1.193,0.97071,4.97315,1.79215
109325,-3.19947,-4.4181,3.31096,4.38227,2.74112,-2.30664,0.21976,2.4302,4.83585
110007,0.96181,1.99122,0.60811,2.01159,-0.88822,3.81816,-0.43082,3.50224,3.77952
110411,0.93578,-1.6733,3.53446,2.08161,3.75099,-4.88697,2.12375,4.9817,3.11687
110613,3.21621,2.53654,2.04602,-0.59426,-0.37748,3.06563,-4.5356,1.71372,-3.56561
111009,-1.01228,4.46025,-3.23153,-4.79273,-2.9664,2.99286,0.89822,-1.91652,-4.46025
111211,0.2429,0.4974,4.52186,-2.32042,-1.37775,3.54664,3.73752,3.21113,3.79382
111312,0.3426,2.3807,3.40044,3.76506,0.7531,-0.07813,0.56482,-3.46313,-1.43292
111413,-2.6638,-2.04336,-4.86804,-2.72781,3.77081,2.1356,-1.27241,0.18864,1.14664
111514,1.43941,0.72231,2.75617,3.31601,3.18594,-0.90189,3.93231,-2.12579,4.6193
111716,2.64143,-1.78027,2.84545,3.81569,2.23965,1.95598,-2.40764,-1.35411,1.66244
112112,0.77117,-2.68625,1.52225,-0.24282,-0.98873,2.27204,-2.92972,0.03121,2.58603
112314,-3.8307,1.29158,-4.53147,1.87462,3.11262,3.5879,-2.33661,-1.4706,-0.64128
112516,-4.28078,2.77929,-1.80907,-0.2593,3.77373,-2.6535,-0.63066,1.03817,-3.16628
112819,-0.81681,-4.20533,-3.86962,-3.12366,1.87211,-1.3929,-1.69278,3.224,0.66859
112920,-3.92158,0.99352,2.99151,-3.03682,-3.18745,1.44233,-3.2973,-0.78101,-2.04626
113215,-4.8505,-2.32042,-3.3891,4.19829,-4.54687,-1.13183,-0.70429,4.22227,-4.6021
113316,-4.11493,-1.34115,-2.20744,-1.90703,-1.0106,2.33821,-0.82468,-0.64748,-4.41109
113417,-3.70073,-1.28277,-2.53566,2.26041,-0.56307,-1.10174,1.82653,-4.04933,4.77144
113619,-1.31964,-0.27476,-1.866,-0.54029,2.25217,3.32175,2.13637,-1.15529,-2.7907
113821,2.62585,-0.3642,-3.24011,0.94997,1.96337,-1.4641,2.3069,-2.72367,-0.08394
113922,4.44539,-1.10902,1.39549,-0.20197,-0.13361,-1.83465,3.97056,3.66471,3.53838
114116,-1.23495,-3.97365,-1.4553,1.06545,-1.00701,2.47844,2.48419,-4.56905,2.84253
114217,-3.25623,-0.27718,-4.04896,-1.95943,3.53332,-1.10408,-2.6094,0.65845,2.72494
114318,2.28659,3.01175,0.87305,2.99966,-0.6886,4.06527,-0.90287,1.49276,2.71462
114419,-4.54953,-2.17355,-0.35198,4.28909,2.63334,-3.94982,2.59842,2.97409,2.14296
114621,-0.79268,-0.77518,1.59076,0.40392,0.8096,-1.73443,-4.10233,0.43656,2.68842
114823,-2.43185,3.54101,0.61483,-4.16842,4.80803,2.59199,2.04394,2.20038,-3.85888
114924,-3.2231,-4.4008,-2.34807,-3.50502,4.76297,3.23066,4.41778,2.50086,-1.76958
115017,4.18205,-1.83843,-3.63267,0.26398,4.73606,2.11196,1.00932,-3.82727,-2.01371
115219,-4.30929,-3.25915,1.34685,-3.09955,-0.21984,-1.73564,-3.67476,0.56231,-1.00024
115320,-3.30558,3.8751,1.03272,2.5948,-2.71639,-0.34237,-0.29919,-1.6344,-1.89969
115724,-4.17409,2.42602,-4.05771,1.16637,-4.06684,-1.00616,-1.19901,-4.88536,3.09077
115825,-3.3777,3.04147,0.14143,3.00567,-2.44802,3.66149,-3.21833,0.83545,-1.71492
116221,4.3406,-0.86092,-3.65657,2.22908,-0.37551,3.02667,1.37979,4.11128,-1.35053
116423,-0.65243,2.56859,4.23765,2.64762,2.0126,-4.309,0.10338,2.87057,-3.10422
116524,4.22367,4.14061,4.01989,-0.23211,1.45425,-2.67213,-3.96477,-2.34063,-4.67091
116726,-0.24613,-4.01315,2.50392,-0.14311,3.2713,-2.68653,-4.44942,1.49716,-4.59322
117021,1.35531,-4.05003,-3.81042,-3.37717,2.60311,-3.94846,-3.79395,-3.85302,2.97168
117122,4.03594,3.96271,2.61663,3.65199,-1.41771,-1.30629,-0.53241,2.95025,-1.14465
117324,-1.6203,-4.14119,-2.82393,3.80859,3.18944,-4.44549,4.21972,-3.00118,-2.96323
117930,-1.43391,-1.65536,-4.14339,-4.97321,1.60982,-4.2104,3.12386,4.63069,1.90572
118023,4.12588,2.89562,3.53232,-3.49434,-1.91603,2.41288,4.74751,2.28642,2.15244
118124,-4.27183,-2.68099,-4.87495,-1.57362,3.29628,1.93526,0.78826,4.74209,3.0715
118225,2.52595,-3.55215,0.20191,2.51092,-1.15646,0.34348,4.45371,4.06608,2.47464
118528,-4.93023,0.40953,0.24853,3.53788,3.37459,3.31536,3.18366,4.8319,-0.68085
118730,-4.00765,0.07936,2.63842,4.70963,2.34776,0.79615,-0.48109,4.45628,4.53322
118831,0.04158,1.85099,-1.37844,3.80658,-0.9007,-0.63286,4.61902,-1.86788,0.97644
118932,4.73254,4.48197,-1.45884,-2.74703,-3.71592,0.03792,-3.14308,-1.69886,3.84987
119025,0.55183,-4.38004,-3.95079,-0.90177,-1.69514,-0.65193,-2.30815,-0.76766,4.83696
119126,-2.40644,-4.88494,3.37858,-3.08258,-4.18205,1.17499,1.02017,-3.02736,-2.12268
119732,-1.44932,-1.95295,3.4371,1.10819,4.68223,-2.99405,0.06291,-3.7487,-1.01171
119833,-0.87751,0.88348,-0.715,-3.89714,-1.12641,-4.68741,-0.79394,2.18685,2.95677
120010,-3.37169,1.59139,0.38973,3.76624,3.01536,-3.89062,0.03863,-0.34147,-1.22525
120111,-0.79257,-2.72881,0.08342,-4.47821,-0.9323,2.05455,-0.31764,-2.54946,1.51206
120212,4.96827,0.63649,-3.58829,-2.82487,-2.81644,-3.39208,-3.19426,3.38586,-2.81234
120414,-0.07139,-3.38509,-1.02102,2.89974,1.76719,-4.45257,-1.80219,1.98524,3.02339
120515,4.90582,0.73515,-4.23385,0.39795,0.53443,-3.80122,-3.40427,1.43247,1.05387
120717,0.24982,3.61559,1.29652,-0.43169,-2.33386,-1.01429,-3.48481,0.33025,1.90515
121315,0.43662,0.01762,4.16602,4.45169,4.91729,-0.25924,-2.5059,0.29639,4.50266
121416,2.61624,-0.18517,-1.24562,-3.48385,3.10217,-4.22172,-2.81596,-4.55308,-4.98347
121618,2.86312,4.63387,3.59892,3.13035,-2.11405,-0.88171,-3.04479,1.37426,-1.6968
121719,-4.42303,1.27735,-2.20743,1.41866,0.49127,0.48147,-3.1247,-2.51922,-4.25165
121820,-0.522,-3.30587,-2.32208,2.38521,4.84865,-3.56617,0.04758,-2.83995,0.74084
121921,2.71267,3.55775,-4.19591,2.22628,-2.04648,-4.69126,-4.57372,-4.11624,0.83931
122317,-3.21293,-0.53038,-4.00629,2.08158,-4.78664,1.12967,3.27566,-4.02109,-1.42549
122418,0.24622,0.46853,-0.91974,3.24974,-2.3892,-2.57653,3.9669,-4.62792,3.24675
122620,-1.54313,-0.68121,-3.607,-2.50827,-0.31995,-4.57725,4.10447,-1.73007,2.85576
122822,-3.0187,0.83042,4.14018,-2.98855,0.52471,-2.31695,-3.09804,-0.76142,-1.46108
123117,4.13703,-0.29956,0.41534,0.98943,2.77915,-3.97555,0.39118,0.68492,-4.80823
123420,0.87752,-0.34357,-1.7388,-4.03032,3.98348,-0.69285,-4.80395,0.51762,-1.29913
123521,-1.9607,3.56584,4.72695,-1.07641,-3.44989,0.30185,-0.56346,4.42297,-3.56189
123723,4.53375,4.17205,1.25377,1.2584,-1.73266,-1.90144,-2.6402,4.77284,2.95725
123824,3.11143,2.97254,-0.35679,0.9218,-0.41374,-1.27962,-4.55642,4.51659,-3.42731
123925,3.93461,0.81829,1.29445,-2.57091,2.71782,1.83186,-0.332,-2.70433,1.28491
124220,0.62683,0.86158,-1.56684,4.92914,-2.2114,-0.35787,0.41998,1.72641,2.7005
124422,-2.38478,3.96728,1.75862,0.17739,4.76304,-3.68691,2.59611,-1.86386,-4.77686
124624,0.17974,2.26228,-2.96824,-2.23195,-0.43792,0.83295,-0.61066,3.56713,0.8428
124826,3.55555,-1.15096,0.33175,-3.25309,-0.89994,4.24691,-0.03616,-1.17528,0.74255
125222,1.26619,4.56461,3.87326,-4.76181,-3.41383,3.42624,-3.87215,-3.22831,-2.20904
125424,1.59143,-1.10794,0.59981,1.68164,-3.3823,-3.43226,-1.80417,0.19096,-1.23204
125525,-4.3203,-0.41649,0.7792,3.39132,-4.01619,1.61713,1.33902,-2.3602,4.61779
126325,-2.87776,-1.96908,1.25513,1.91322,-0.86776,4.0694,-3.92194,-2.07924,3.68741
126426,-2.58528,-4.48055,0.59793,-1.44964,0.01332,1.45702,3.64497,-2.01265,-0.17674
126628,2.52044,2.02274,3.38848,-4.2337,-4.51145,1.28959,2.13921,-0.18359,4.3525
126931,2.35219,2.96314,1.92797,2.09335,2.75072,-0.24432,-0.47583,-2.3606,-3.06231
127226,0.49973,3.15473,-2.05864,-3.8196,1.09922,0.65038,-3.69564,3.79967,-0.42532
127327,0.97885,1.93973,2.64724,4.95673,-4.78381,4.71561,1.6749,-2.61997,-0.99819
127630,-3.44291,3.95479,1.83493,1.58715,-1.50628,4.60548,-4.7848,-0.73034,3.34986
127731,0.88296,1.09781,2.3209,-4.3937,1.87297,-1.38292,-0.56305,2.65196,-1.16137
127832,4.90133,-3.19468,-4.99749,0.95801,-4.16117,3.26975,-3.92257,3.89628,1.72666
127933,-1.39143,-4.01853,-1.06094,-4.54118,0.2214,3.62022,2.74946,-4.66865,-1.57257
128026,1.75874,3.28991,-3.50798,-2.60436,2.31705,3.52662,0.34153,0.57841,-1.16758
128127,3.0128,-2.87891,-4.15392,-3.1515,4.86748,4.92698,-1.20906,-3.70747,-4.26265
128329,3.6164,-3.92803,-1.59755,3.1702,0.69388,-3.98326,0.83646,-3.10539,4.87533
128632,1.04363,-2.01133,-2.33341,1.70848,-4.03403,-4.19693,3.12059,2.86346,1.32044
128935,0.12578,2.40514,-3.39814,-1.92787,4.99542,-3.53063,1.05219,0.96365,-1.93053
129028,-0.2361,-4.21435,2.67322,1.00283,-4.8259,2.97825,-3.19131,-1.98454,-2.0477
129129,-1.88361,4.89162,-2.88888,-3.31233,-0.28561,-4.45641,-3.15889,1.03036,-1.37341
129331,-1.08933,-0.42108,-4.72229,-0.85953,4.24544,2.6124,-0.46324,0.10205,2.97967
129432,3.09697,-0.41694,3.26472,-2.86328,-2.11997,0.09065,-3.70296,0.64179,2.37138
129533,-0.34916,-3.63045,3.5564,-2.20767,2.33994,4.25167,-2.8184,2.14566,1.99354
129634,-1.59662,-2.27738,4.91686,-3.40262,0.05895,0.90186,2.52039,-2.06,2.46964
129937,-4.01959,-3.83265,2.66801,3.38815,-3.82289,0.6862,3.12126,3.45088,4.19091
130013,4.0634,-0.57866,-1.34538,2.72427,-4.25467,-0.88232,2.50422,0.62219,-4.30602
130114,2.39657,-1.89582,-3.99311,0.95808,-3.14253,-2.55049,4.81378,-1.55945,-0.34227
130316,2.1111,0.49327,2.29052,0.6529,-4.7758,0.83097,-3.71194,2.15453,-3.99033
130417,1.4804,0.98252,3.4946,-0.0742,-3.11425,2.98135,-4.51913,3.03421,3.44973
130518,-4.47606,-2.30981,4.08273,4.43413,0.44633,-1.5113,3.35871,-2.77568,-0.07043
130619,-0.25503,2.79226,1.94857,1.32506,-3.62611,0.19727,2.12181,-3.29307,-0.60269
130720,-0.50665,3.18887,-1.80091,-4.07522,3.50701,-3.3682,1.25787,-2.0667,3.92899
130821,0.60414,-1.52388,-2.35299,4.92968,-4.03119,-3.101,-3.34809,3.75855,3.27954
130922,3.96781,-0.46651,3.74737,-2.46804,4.25064,1.08417,-0.8325,-3.53121,4.72295
131217,2.35623,4.02803,3.97784,3.34693,-4.99774,3.64845,0.35317,4.32082,1.74317
131419,-0.68977,1.94334,-2.55838,0.99879,3.03415,1.86102,3.29274,-4.05777,-3.38703
131621,3.31491,3.68237,4.0993,0.23013,-0.98348,0.13201,-3.3904,4.24334,0.97271
131722,-2.2598,2.51227,0.40646,0.69915,-2.00594,-3.64936,-4.72815,-4.50436,-3.50125
131823,-4.52694,1.82331,3.0835,-0.59022,-3.61075,0.02742,-2.96477,-0.35651,0.73675
131924,0.82413,-2.35699,0.70567,3.51391,-4.32568,3.83612,2.06135,-3.56846,-2.31315
132017,4.79974,1.13508,3.39087,0.99002,-4.93753,2.2383,0.7623,-2.12817,2.75508
132118,-0.48882,0.17007,2.65715,3.43695,-0.99463,-3.17933,-4.12208,-4.30769,0.26147
133019,4.30142,-0.67714,1.36953,2.96672,-2.45046,4.59331,-0.83048,2.95513,-4.06715
133625,4.94461,-2.95182,0.46589,2.0824,-4.58244,-1.96301,4.62715,4.09914,-4.08757
133827,0.40627,-2.37019,-3.24421,2.45667,4.16401,0.13822,3.93924,2.35279,-1.70659
133928,1.99298,-4.86478,-3.19875,-0.84286,4.99854,-0.89755,-4.42874,2.307,-0.84758
134021,-2.99948,3.36156,3.7959,3.47631,2.60342,-0.76659,1.16878,2.58701,0.61213
134223,-3.15285,4.05351,1.23192,-1.72851,3.97911,-1.17308,0.89295,4.88544,-3.95646
134324,-1.64196,3.18473,-3.16942,-4.67058,-3.71626,-0.91492,-0.99093,1.76191,0.91705
134425,1.0074,1.19316,1.72704,-2.39009,4.95152,1.6724,-2.1642,4.26584,1.46515
134627,-2.3632,2.18433,-1.26816,-2.2759,1.71847,-0.8952,-2.78758,-4.95148,3.29112
134728,1.96102,-3.85962,-2.64215,3.8947,-2.61066,-1.72534,1.93829,-4.72288,-1.93813
134829,0.84839,1.99165,4.83658,0.78189,2.87793,1.80432,3.8281,-1.89695,-4.80445
135124,4.42221,4.07551,-2.66863,0.20561,-1.26175,4.83998,3.19203,-3.56044,1.43908
135225,1.97291,0.1572,0.11646,-4.68733,-3.46789,-2.30073,-2.74254,1.89303,3.78296
135528,0.90928,1.96437,-1.26798,0.61307,-4.23236,1.91842,-2.87065,-1.09281,-1.70082
135629,-0.84667,-4.91885,1.81002,-3.78084,-4.63371,-1.14208,3.58124,-2.67773,-1.42202
135730,-3.71934,1.5644,-4.51357,2.53751,1.74912,1.43952,4.00586,-2.06036,1.78548
135932,3.92577,3.19265,4.67428,-0.60464,-2.3772,2.31916,4.04499,-2.89739,-2.9904
136126,-4.37667,-4.1222,-4.22513,-4.76013,-1.5823,-4.08202,-4.0763,-0.21932,1.56745
136227,2.31385,-2.9739,-3.4333,-1.04471,-4.65693,1.23995,-2.96191,-4.17369,3.58859
136631,-0.89866,4.13327,-0.13634,-4.20575,-3.60032,4.21982,4.92599,-2.85912,0.41658
136732,2.25983,2.07528,0.23735,1.08178,4.76958,0.58257,0.49923,3.13832,-2.70587
136833,1.32295,-4.61349,-2.79847,-0.13048,-2.90255,4.00028,3.17015,-4.54881,-3.0825
137027,3.33512,3.37111,4.0854,-0.6798,3.30093,-2.92195,-2.91496,2.10175,-3.56667
137128,2.46641,-4.68742,2.70258,4.57335,0.55653,-2.19281,-0.78538,1.69809,-2.19518
137229,2.50654,-4.89608,1.34607,3.02161,-4.89958,2.68007,4.08896,3.29419,2.85649
137431,-2.4388,-4.70914,-4.20683,0.97537,1.45287,4.00045,4.54415,4.01623,-1.04208
137532,-4.99623,3.61723,3.61775,3.88657,-0.81436,-1.36643,-3.69177,1.45499,0.20051
137633,-3.7545,-1.44502,0.26575,-0.05592,0.91232,-0.8674,2.39367,3.92629,-3.18325
137936,-1.14418,3.4555,1.86177,-3.58859,3.42409,-2.67158,0.30538,4.7544,4.22781
138130,3.85166,1.12177,-2.4809,-2.86832,-4.01389,-1.67356,-1.1856,1.19438,2.59825
138231,0.74153,2.12,-0.50683,1.15486,-1.98381,-1.67196,3.56807,-0.14876,-2.66541
138332,-0.40299,4.38636,-4.32605,3.49028,-0.69882,-4.15732,1.90417,4.48677,1.55293
138534,1.73773,-0.43703,-3.71697,1.90958,-1.41766,3.88018,-1.49677,-0.70171,-3.51104
138837,-0.32267,-0.7987,-0.00941,0.56427,-0.84135,-0.82068,-4.37479,-4.09423,4.74439
139233,-1.06059,3.89001,-2.39482,0.4968,-2.73069,-0.86776,2.93163,0.72746,3.27199
139435,0.74731,-4.45526,2.44216,0.05469,4.12581,-4.60768,4.94349,-3.29836,-0.57384
139637,2.22849,-2.0103,0.43236,-0.11709,1.8155,-4.00757,3.7488,-1.92502,2.3993
139839,3.37921,0.22852,-0.24072,-0.07981,-4.54109,-3.47867,-3.43388,3.38219,-4.60082
140117,-0.79439,0.23044,1.93722,4.38415,2.31461,1.35407,1.43099,-2.72436,-3.67516
140319,-1.27806,2.31317,1.74804,2.1522,-4.01719,-1.16478,0.79426,-3.55263,4.53551
140420,-1.50038,-4.22815,-1.93722,3.54607,-1.3866,0.21046,-1.17603,4.21495,3.50873
140824,3.38142,-0.72251,-1.97091,4.22762,1.21867,0.23409,2.84694,-2.22203,1.26907
140925,-1.78221,-4.82642,-2.28905,-3.89087,-1.73056,2.12963,0.05238,0.21193,-4.08524
141119,-3.28636,3.22389,2.8002,-1.0618,1.2956,3.48689,4.07411,-4.83213,2.80899
141422,1.10761,2.04442,-2.6174,3.14661,2.9618,-2.12349,1.83053,1.94007,4.32531
141826,2.14596,4.33686,1.79418,-1.32341,1.28874,-0.13842,0.8909,1.56096,3.16597
142424,4.07773,0.83107,-4.20439,-4.35388,4.40384,0.57585,-4.93944,2.62418,4.89797
142828,-1.76348,-1.97105,1.70501,4.4527,2.52479,1.02163,4.92398,-0.76149,3.62856
143224,-2.62758,2.21355,-1.55756,-4.58071,3.69391,-4.37557,-2.89875,2.739,1.07266
143325,-1.48084,1.51235,3.80747,4.17102,-2.109,-3.65017,3.1048,-2.9819,-2.43941
143426,-0.23001,-2.8414,-1.06063,-4.95143,-0.97835,-0.73198,0.86252,-3.81929,4.22033
143527,4.1376,3.76466,3.31876,-4.89639,2.33735,-3.9244,-2.85283,1.52695,-3.27919
143830,-4.12183,-1.73072,-4.95441,4.50409,3.44085,-4.4745,-1.30155,1.61995,-4.6027
144125,1.3887,1.93308,-3.27249,-3.30693,3.32958,0.9609,-4.08282,-4.19033,2.03703
144226,1.19505,1.07122,4.41998,-2.30858,1.29033,3.05758,4.44091,-3.78154,-4.60417
144428,-0.20799,3.8629,-0.60792,0.40984,-4.94877,-2.29988,-4.27453,-1.38972,4.77306
144731,-4.66893,-1.86215,-2.57979,-2.23021,-1.06965,2.27547,3.88364,-3.97436,3.30509
144832,-2.75565,4.63755,1.20133,-3.7796,-4.3192,-0.19918,-3.52761,-1.89344,-2.05715
144933,-3.98653,3.65153,-3.53872,-4.00208,3.7927,-1.91521,-3.63643,3.50699,4.12306
145127,0.03808,-1.60386,3.31478,0.42978,0.77563,-4.29329,-3.22438,1.82551,-3.37593
145632,3.26716,-0.10456,4.89954,-3.55643,-2.53286,4.59204,-1.72427,2.55694,3.4154
145834,-3.75181,0.31879,-0.44316,-1.02901,-3.95352,1.66054,-2.58044,2.42822,0.47609
146129,-0.84842,-4.13915,0.90317,2.24421,2.02019,3.7477,2.87873,-3.45585,0.17229
146331,4.35298,4.04561,-3.84178,-2.78974,3.3212,-0.58749,-2.27923,-3.48107,4.68975
146432,-0.48771,1.9004,-0.72264,0.66507,0.43255,-3.9742,1.10911,-4.83562,4.22462
146533,3.50836,1.69807,1.57137,-2.37923,-1.99184,-4.00057,-3.30628,-1.35879,-3.00846
146634,-3.73331,2.18442,-0.52751,2.3301,0.2,2.5599,3.92729,2.18358,-2.80898
146735,1.13558,2.93058,-2.0117,-2.31581,-4.16811,-2.26286,0.05304,-4.11337,0.52443
146836,0.6094,1.83502,0.6007,3.25859,1.04344,0.13163,4.84984,-3.57312,-0.62912
146937,-0.04911,-2.56494,-1.96265,2.5934,-2.69026,4.42443,-4.60534,1.74244,2.9757
147030,3.95546,0.87619,-2.43384,-3.2101,-4.69289,4.8207,4.43683,-1.31394,-4.12227
147636,4.50316,0.94035,0.55332,2.92326,-2.85062,3.00896,-0.08499,0.13411,2.29216
147737,-0.36821,-1.53633,0.8552,3.93337,0.217,2.22499,0.13564,3.47942,3.03257
148032,-0.3834,-3.57277,-3.84162,0.89737,2.30371,2.75634,0.57454,2.12794,-2.10988
148133,-0.46108,-1.84372,-1.94111,-1.49471,-4.85475,-2.34474,-0.90054,0.61037,4.4937
148335,2.08789,1.69835,0.38462,-4.81386,0.46807,-2.43379,-3.65684,-0.95176,2.42599
148436,-4.42774,-1.06577,3.73665,4.56784,3.5096,-0.32631,3.26584,4.21291,2.93037
148840,4.6781,-4.13353,3.05832,-3.34125,0.42966,-4.05824,2.70362,-1.79837,-2.75578
148941,2.34339,2.71327,2.66881,3.95829,-1.81287,-1.18871,4.81713,-0.95557,-0.45724
149236,0.26244,2.26469,2.65351,-3.50362,-2.67339,-2.81673,4.159,-1.65871,-1.92368
149337,-2.9228,2.91059,3.44224,3.41642,1.1787,-4.89595,2.85561,-0.22582,1.28407
149539,-4.59701,0.54706,-3.31321,1.62682,-1.19941,4.43043,-3.715,0.36776,-1.91728
149741,-4.97495,4.05878,3.51341,-2.08594,2.36862,-3.87851,2.89905,-0.66608,2.02248
149842,1.65398,3.92289,1.63597,-1.5659,3.55969,1.86683,-4.03704,2.38332,-2.406
150019,-3.9474,-1.15855,-4.89615,-3.01675,2.48289,1.69158,-3.26247,3.95624,3.0192
150423,-4.64866,-4.46097,2.61983,0.12236,0.00622,-2.4642,-0.17921,-1.93746,-0.50159
150524,-4.80383,0.05142,1.65339,-2.45774,-3.25245,-3.22941,-3.10189,-4.18024,4.78284
150625,2.00729,0.50806,3.31264,0.97315,4.00096,1.59899,-3.01876,-4.01455,3.28575
150726,2.87912,3.96546,-3.30587,-3.35536,0.274,-0.11385,-3.74046,0.56963,-1.87227
150928,1.87043,4.65207,3.46276,-3.88642,2.03896,-3.40411,1.44946,-3.58623,-1.86524
151021,-3.58496,3.62604,2.23204,1.11278,-4.85964,-0.26945,3.32735,-2.68332,-4.21259
151223,-1.47213,4.72955,-0.89969,-0.04538,1.45136,0.38016,-4.12221,-3.23135,4.76634
151324,2.4536,-0.8776,3.41126,0.41067,-3.22642,4.32098,1.09851,-3.33832,3.12533
151425,4.58134,3.82234,1.65896,-2.00752,-3.81853,4.58136,1.79624,4.51082,1.77077
151526,-4.63038,0.36755,-2.85089,-3.9766,1.64225,4.27086,1.20385,-0.29186,3.61823
151627,3.52715,-4.03448,-3.89323,2.03798,0.84864,-0.4648,4.11949,0.46964,-2.56081
151728,-4.97605,-1.5504,-1.37415,-2.15898,2.12213,1.9068,-3.25294,-3.0843,3.5597
151829,-1.3613,-4.54829,-0.19203,-4.62179,-1.70908,-2.24115,4.05819,-4.51145,1.11491
151930,-4.67764,3.17458,-1.24126,1.13531,3.62047,0.90838,-3.92696,2.58507,2.86267
152225,4.64182,-1.52884,-2.12771,-0.76917,-1.41306,0.02151,-0.15587,-1.24254,1.75564
152427,-1.02834,4.78123,-0.45701,1.68083,-4.89034,-3.62607,-1.46947,3.16757,0.21377
152831,2.09854,-0.08116,4.62615,-1.19986,3.81538,0.89117,-4.99273,1.9131,4.3988
153025,-3.87163,3.95641,1.28798,-2.36834,-1.0194,-1.85517,-4.29213,-2.58574,-1.48231
153126,-4.79181,2.47755,1.3794,1.90594,-4.98628,3.73203,-2.2505,2.57451,4.88612
153227,1.71644,3.89851,2.12335,0.01664,-4.29851,4.76987,4.2916,-4.75379,-2.53798
153429,4.86487,3.57725,-0.75062,-3.94852,-3.56722,-4.43423,-2.8741,4.90124,2.15512
153631,-3.64543,-1.00874,-2.0629,-4.88773,-4.50213,2.6037,-2.19193,0.21853,-0.26133
153732,2.63541,3.8165,-0.77585,-4.16936,3.60414,-1.81683,-4.5807,2.65914,-1.64138
153833,2.3991,0.2434,-3.56862,-0.32828,1.46518,-4.74208,1.58344,-4.15919,1.5882
153934,3.70033,0.52911,-1.36795,4.75295,4.69726,1.76741,3.0136,3.77292,4.93775
154229,-1.60381,1.83191,-2.87356,-2.62254,3.16857,-2.42861,2.10006,-2.34645,-3.37854
154330,-0.31425,4.26884,3.54776,4.48201,0.52136,3.58492,-1.63512,-3.80769,2.37943
154431,4.05662,0.40457,-4.62212,-4.11709,-2.05238,1.03777,-4.98079,-1.97702,-4.34452
154532,3.0459,-1.78841,2.07194,-0.63947,-3.0976,-2.44561,-1.48569,-4.54191,-1.97807
154734,-1.60792,-0.08809,3.18111,-1.84072,-3.23934,4.39287,-2.54145,3.41085,0.09739
154835,-3.70969,1.49848,1.5917,-0.8111,-4.53409,0.22658,4.85151,-3.60737,2.64299
154936,-0.33337,2.14134,3.33106,3.96525,-1.33565,0.50883,-0.38076,-2.34321,-2.59845
155231,0.4141,4.74789,-1.31982,-4.49754,-2.60629,2.57647,3.00037,-4.59098,-2.49622
155635,4.39719,0.23045,1.59488,0.71459,-2.94106,-3.2468,1.45524,3.17813,-3.98528
155938,-1.63574,-0.37406,1.16308,1.36437,-3.82676,-1.56517,-0.70022,-2.77687,-2.44388
156031,-1.0225,-3.12659,1.74801,-2.90564,-1.09769,0.15691,3.95194,2.5917,-3.95833
156233,-2.65809,4.02189,4.28288,-0.46403,1.77137,2.28171,0.26279,-0.00879,-4.44476
156334,2.60678,-2.05406,2.20209,2.86241,-0.51483,4.28592,-4.4021,-1.64026,4.71125
156435,-0.68273,-0.73305,-4.07853,-3.59202,4.70037,2.13388,-1.40327,3.78071,-4.11328
156536,-2.1458,-1.3619,2.03843,-1.99589,3.35546,2.03887,2.40206,-2.7366,3.8211
156637,0.76501,3.45875,-3.88266,3.91019,-3.9682,-1.54729,2.43761,-0.36655,3.92646
157336,3.3925,3.25556,-0.92996,2.63883,2.20073,-2.30828,-1.7412,-1.63461,-4.08433
157437,-2.65529,0.51799,0.88658,-0.89555,-3.47528,3.06364,1.59822,-0.25536,1.75095
157942,-4.82494,-3.90223,1.2356,-1.02731,-3.66896,-0.57921,-2.90769,-1.21294,2.21792
158035,-0.78876,1.69469,2.54136,4.55822,-0.62597,-4.07752,-4.06677,-4.39278,0.22165
158136,0.88015,2.42241,-1.03033,-3.67974,-3.75994,0.74242,2.14992,-2.29193,0.95944
158338,-1.77306,1.00087,-3.02373,-3.31783,-0.10844,-0.68522,-3.2699,0.97566,4.10908
158540,0.32597,3.83133,-1.56549,-1.70758,-4.97308,1.51749,3.76938,4.63869,-3.39869
158843,-1.20903,-4.07564,4.32121,0.34133,-4.02242,0.99305,-1.02303,-4.41301,-4.73874
159138,0.67538,4.53718,-2.7513,-3.88874,2.2623,3.51645,-0.55915,4.18801,2.79885
159239,-2.47198,-2.11588,-0.41417,-1.20437,2.3295,0.13599,2.61168,4.61354,-1.03192
159340,-1.78862,1.15586,4.06223,2.1517,3.29614,-2.81015,-4.77473,-0.47415,-2.34624
159744,-3.90414,-0.70655,-2.88755,-3.21695,0.72044,-4.31702,2.59411,0.04058,3.27282
159845,1.55313,1.64299,-1.88274,3.44159,4.8422,3.29546,4.48772,3.53141,-2.94314
159946,-2.02912,-1.07421,3.12708,-0.79708,0.66049,-3.23533,1.52961,4.92661,-1.59888
160123,-0.21258,2.19383,4.13596,-2.96506,-3.26321,2.62756,1.53349,-4.56132,-4.15755
160729,-1.11109,-1.83627,-2.96772,-0.69112,-2.8882,4.65711,3.41306,-3.74806,-0.78707
160830,4.61464,-3.92588,0.15991,2.17802,1.92046,-4.26166,-1.65794,3.48667,1.44523
160931,-0.70177,-3.9003,1.01398,4.95938,-3.51873,-2.69208,-3.52595,1.57926,4.48044
161327,0.04221,-1.44398,-2.71468,-0.10641,4.06485,2.20537,-3.58631,-2.45605,-3.56137
161630,-0.6146,-2.26564,1.94753,-0.23428,3.97481,-4.75884,-4.39041,4.9728,3.33109
161731,-4.30543,0.11098,0.1799,-3.86155,-3.56017,4.6546,-2.90385,-3.50725,-0.46607
161832,1.27275,-3.61047,-3.44059,-2.01489,4.72096,-3.35489,1.1398,0.93571,-4.40958
162026,-3.30881,-3.47193,-0.40591,2.99028,2.6706,1.8717,-2.23255,4.60817,-3.3577
162228,3.81504,-3.21112,0.99127,4.1458,-0.58515,-3.35441,2.28895,-0.79374,-2.80282
162329,-4.08341,4.6638,-4.23066,-4.53401,-2.93501,-0.84643,-4.1104,-2.54594,2.94223
162733,0.60771,3.48477,2.94041,-4.7535,-1.77529,-3.52874,1.9274,-1.62044,0.94725
163129,1.49824,-3.65205,0.33986,1.51045,-0.43865,-1.85859,0.48206,-0.99541,3.44798
163331,-4.00754,0.68413,-3.34231,-3.91484,-1.29708,-4.69536,0.05483,4.77682,0.60879
163432,-0.42409,-0.97223,-4.28949,0.9304,-0.74937,4.06118,-3.6841,3.2707,-3.66913
163836,-1.21268,4.00226,0.01564,3.95286,-2.48944,-1.86817,-2.89738,-1.22104,-4.77541
164030,-2.69933,1.80979,-2.25522,4.01072,-1.70463,-3.18463,2.43322,-0.16966,-2.0564
164131,2.05659,4.02451,1.96795,-3.53284,1.40074,-4.28253,-3.89987,-4.88742,-1.88565
164636,4.07001,-2.47979,-0.08635,3.42066,3.38558,1.20366,3.01746,4.5119,-4.00243
164939,-3.95116,1.1196,-0.96307,-4.0537,4.11848,-1.5382,-4.73718,1.04895,-2.64815
165032,-4.61737,1.26473,0.72188,1.88836,1.63677,0.50442,-4.03815,3.24016,1.13
165234,4.6583,-1.22349,3.76168,3.07155,-0.46965,-4.8249,1.56221,-2.78927,-2.57064
165436,2.71976,-0.56447,4.36892,-2.17987,4.94042,-3.71172,2.79165,-4.76452,-3.10193
165638,-0.56251,1.4927,4.54144,-0.79841,-0.33004,-0.32218,1.75014,-2.57391,4.86672
165840,-4.96932,-0.40786,-4.7866,-0.25018,-3.72503,-3.59059,-1.13105,2.41634,1.88281
165941,4.44053,3.73531,1.62198,-2.53174,1.1137,3.65389,-4.03804,0.60775,1.83241
166438,2.67473,-3.12115,-4.94886,-3.99211,3.28865,-3.8037,2.16427,0.72098,0.49186
166640,4.2021,-3.91141,4.0055,1.50544,-0.79675,-2.50498,2.07161,2.59947,2.25456
167036,4.04694,2.18869,-4.94396,-4.76608,-4.88247,-4.28761,-3.41961,1.00479,4.72524
167238,4.11868,-0.74722,-2.0564,-2.33229,0.13765,-3.05013,2.00127,-3.11164,0.3486
167440,-1.02296,3.41244,-1.10098,0.38461,-4.37307,4.38661,-2.64516,3.59223,-0.7584
167743,-1.3577,0.2324,-2.85938,0.83025,0.23455,4.75638,-0.95989,3.59708,1.43187
168038,-4.39103,-3.06748,0.72752,-4.4359,3.30897,3.12313,3.04504,-4.66466,0.89685
168139,-2.13266,-1.97607,-2.16839,-0.10353,-1.06911,-2.39809,-0.93754,-4.23785,-3.98108
168240,2.42724,-2.73936,-2.69439,-1.37474,-1.4454,-2.99043,-2.45208,-3.3141,-1.03565
168341,-3.75013,3.37671,-3.96131,4.2448,3.98411,2.55641,-2.21724,3.17419,-0.22053
168745,-2.235,3.45783,4.486,-1.91668,2.1208,-3.2738,-1.99849,-4.58575,3.9303
168947,3.53383,-3.57695,4.05953,0.63211,3.94423,2.54272,-2.67489,-2.78537,2.68043
169040,3.80613,2.94902,-4.16212,-0.8211,-1.49413,-0.3985,4.35924,1.19239,-1.90639
169141,0.36024,4.00221,-0.0947,4.29148,2.28378,0.97952,-4.33028,-0.2619,-2.81139
169343,-1.21152,-2.14884,-2.72663,3.38935,-2.51136,-0.59387,0.28964,2.80514,-0.99724
169444,-1.69969,0.27874,0.94541,1.20878,2.0519,3.94775,-4.64193,3.94551,0.51508
169545,3.98246,-0.7719,4.59666,0.09915,-1.1628,-1.75481,-4.18352,3.00488,3.79692
169747,1.07199,4.84818,0.32023,0.26839,-4.8446,-4.39797,1.53682,-4.96152,1.0715
169949,-1.94976,3.97916,-3.42087,1.26589,3.25262,1.58329,2.21871,-3.26852,1.71382
170631,3.31915,-0.65005,-2.66806,-4.58813,3.13392,4.53289,1.47824,-3.76243,3.32882
170934,3.5943,2.19055,-4.06498,-4.57491,2.73965,2.93023,4.25612,2.83301,3.80235
171128,0.17267,3.47436,-3.98799,-4.5965,-0.48494,4.06527,-3.31051,4.12499,0.66044
171330,-1.9397,3.2908,1.18831,4.50888,-2.95258,-4.47332,-4.20183,1.45614,-2.68576
171431,-4.14075,-0.06542,2.0054,3.68329,2.35108,-1.24569,2.36001,4.53504,4.88398
171532,4.59512,-3.11757,-2.87786,1.9069,-1.21941,-1.73645,-3.76191,-1.56558,4.09762
171633,-2.63708,2.51243,-0.23686,3.70761,-0.43697,-1.74968,2.67743,-4.85721,3.28321
171734,3.11754,-0.07727,-2.42292,-2.47745,4.73015,3.24513,4.47713,-1.52761,-2.44461
172029,-0.89748,4.66815,-1.70109,2.62167,4.64676,-0.62823,-2.57463,-0.41456,2.09839
172130,-0.71052,1.09481,0.36534,-2.6634,2.67101,-0.18427,-3.6077,4.03545,3.04521
172332,2.04747,1.52983,4.59962,-3.59609,-0.65025,0.95038,0.84863,-0.61788,-4.8212
172433,3.80471,-2.04829,-3.63388,-3.28894,-3.04145,2.08444,0.11481,0.74037,4.98084
172534,-1.85254,-4.7478,-3.47557,-3.38185,0.67282,3.38356,-2.44529,1.93186,1.97703
172635,-1.30771,-3.73921,3.15165,0.21566,2.53534,1.45771,2.54664,-3.20211,4.31671
172938,-0.6983,-3.61279,-1.54661,3.85216,2.09664,0.90527,4.50343,-0.76109,1.45181
173132,-4.27314,-4.59383,-0.00598,4.88985,-1.71443,1.57527,2.03768,3.73977,-2.10132
173233,4.1726,-4.01807,-0.95589,1.16644,0.3614,-2.88677,3.35199,0.37834,2.22312
173334,4.91745,3.78098,3.25064,1.86412,3.98245,-0.34622,0.08614,2.23345,2.23476
173435,-3.3497,-4.15652,-4.33034,1.027,1.7962,1.20569,0.26499,-1.41231,3.32822
173536,4.63899,-4.41536,-2.95826,-2.97949,-4.53864,-4.16683,-4.68857,-1.24417,4.77898
173637,-1.44629,3.47514,1.13419,0.57109,-4.3369,-2.84415,-3.52975,0.0025,3.02038
173738,-3.49222,1.89352,0.76602,-1.59365,-0.97173,-1.23564,-1.44535,-3.0758,-2.77336
173839,-4.28165,4.8298,-4.82221,-1.18851,-1.7039,0.02551,4.59505,2.93656,-4.5547
173940,-1.82167,1.60401,3.20009,0.85889,-4.38203,-1.30012,1.30325,-0.78201,-1.14687
174437,-3.67947,0.71732,1.4493,-1.75093,4.90987,0.84876,-1.46409,-0.51906,-2.83942
174841,-0.60885,-2.96241,-0.32609,-3.811,-0.02389,-2.90384,-4.34404,3.6101,-1.16322
175035,-4.16856,4.99945,2.88398,4.92522,0.84068,-2.10497,4.53994,-2.28195,-1.62582
175136,2.12298,2.94861,-4.81951,4.47788,-3.22215,3.49631,0.84486,3.46747,-2.03321
175237,4.05147,-3.1958,1.53548,-3.32495,-1.81487,2.19304,1.90392,0.47502,-4.58368
175338,0.55457,4.3513,-3.46163,1.3434,0.64508,3.91136,1.43003,-2.99961,-2.94546
175439,4.53292,-2.26212,3.37573,0.92098,-3.32303,0.91109,3.13729,-0.33385,-4.04748
175540,4.67099,-3.20012,-4.11864,2.59506,4.1492,1.27302,0.51147,1.42249,3.08436
175742,2.88042,4.31508,2.19502,1.82107,-0.75416,-3.24107,-1.78525,1.90449,-4.50682
176037,0.7541,4.88966,-3.87343,1.26833,-0.04864,2.31876,3.07478,2.58328,-3.54174
176239,-2.70332,4.1638,-4.14663,-3.21514,3.27678,-3.32089,0.32779,-0.38467,-4.32117
176441,-0.98206,0.85004,-0.35906,-1.86019,2.8407,3.82096,-4.0806,3.6338,-0.89081
176542,2.33369,-2.1081,2.14259,-1.77751,0.08733,2.83596,-0.13919,-0.232,-2.51285
176744,-0.82528,2.52245,-4.81007,2.01115,4.69337,2.32631,-4.16102,-2.48767,4.40482
176845,4.8316,-2.80584,-0.81693,4.45692,2.26516,1.91079,1.17842,-0.29428,-3.82054
177140,-2.25726,-4.6241,-2.9115,-4.4413,-1.95702,-2.38569,-1.45174,-1.86313,-1.04153
177241,-3.35687,4.63397,-0.27551,-1.9141,1.36909,1.00041,-2.82926,-3.33316,4.82928
177342,-1.99047,0.60855,-4.27305,-0.22096,-3.36804,-1.23645,-4.10512,2.56212,-2.42523
177645,-1.05081,-4.65671,0.46832,-3.89699,-2.69737,-3.73887,4.30724,4.00976,-2.01932
177746,-2.95178,4.0394,2.82965,1.73091,-1.82355,-0.83952,-2.42302,-4.09661,1.03431
178142,4.29549,-4.15987,1.43596,3.30047,-3.38585,1.17007,2.31419,-3.36354,-0.16871
178243,-4.80896,-2.76896,1.52615,0.20837,2.51663,-4.5081,-2.04152,0.92622,0.13646
178647,-2.96339,2.47233,3.91088,4.15791,-3.87751,2.43889,0.59862,2.44023,1.14568
178748,4.83654,-4.4593,-4.84074,2.43526,0.80542,-0.75889,-3.58928,2.74358,-0.82872
178849,-1.18021,3.33077,2.24741,-4.93714,-2.47362,2.50501,-2.76366,3.0045,-3.1841
178950,-0.01229,3.08627,1.17384,3.35727,2.46353,-4.0566,2.27871,4.97577,-0.86374
179245,2.12244,4.64192,-2.05752,-2.35572,-1.90518,-1.49109,-4.16226,-1.86396,-2.62039
179346,4.16207,4.87926,4.54501,-3.79508,-3.44443,-0.6161,-0.51874,-3.3824,4.30159
179548,-0.19922,-1.1839,4.52659,2.458,-4.93662,4.82856,0.18523,-4.80058,-2.09916
179952,2.49577,3.61497,2.91813,-2.15863,-2.11142,-0.80923,-3.13704,-0.45791,3.67058
180129,-1.72722,-0.66753,-3.22259,4.18583,-2.90259,-0.79127,-2.82974,-0.71773,-1.70887
180230,4.81112,1.56661,4.00062,4.09416,3.91556,1.95206,4.43699,-3.171,-4.17898
180432,2.52294,0.75316,-4.30728,-3.68849,4.60234,1.87664,-2.39235,2.4082,1.5001
180533,2.11599,-0.43275,-1.77024,3.26671,0.13414,-1.35039,1.28893,0.24251,4.77606
180735,4.05433,-3.0225,4.72356,3.60189,-2.36518,0.42684,-4.13651,-4.01775,-0.17184
180836,2.28168,1.8208,-4.11277,2.79364,-1.65081,3.74675,-0.31089,-1.35848,3.9009
180937,3.08392,-4.21426,-0.71567,-1.38909,-4.93693,1.96043,-1.37675,0.04562,2.2152
181131,4.67663,-3.23112,4.19747,0.3943,2.12635,1.07536,-2.40519,3.58205,-2.18
181232,-0.20075,2.13234,-3.31421,3.84136,2.38972,1.84554,1.42982,-0.92299,0.29884
181636,-0.62915,2.50663,-2.12017,0.07426,3.22117,-0.33122,1.01663,1.87692,4.02282
182032,1.18666,0.89627,-2.21046,4.22832,-3.52305,-3.07344,-2.90969,2.17691,-1.05764
182436,3.06587,-0.73819,-3.3126,-1.46494,1.41695,3.13707,-4.49539,3.85046,-3.30466
182739,2.06108,1.33622,-0.83011,3.03717,-4.58031,2.93398,3.42462,-0.24839,2.998
182840,3.27955,1.08469,-4.73363,2.52083,-0.05872,-0.45783,-3.51074,2.98746,0.50115
183034,3.57676,0.88348,-1.96371,-3.42604,-3.90027,3.17519,-0.56286,-3.75075,4.24222
183337,-1.21668,0.52399,-1.05875,-0.20472,-2.95575,1.79328,-2.82037,-2.04949,4.94239
183741,2.22346,-4.89377,-0.53495,-1.33546,1.98679,-4.98775,-0.1877,-1.06394,-4.48623
185038,2.21844,-2.94259,-2.54423,4.17661,4.50501,-4.05001,-2.82429,-1.90939,2.06451
185139,-2.73223,-2.05129,-2.97122,-0.46327,-0.34305,4.33668,0.08836,-1.21399,1.4095
185341,-2.43907,0.00052,-4.7586,0.33799,-3.20021,4.67086,-3.78382,0.664,-2.76006
185442,-3.61797,-1.09591,-0.48098,0.72885,-0.85478,3.15035,-0.51463,-0.66178,-2.0271
185846,-3.40708,0.45343,-3.68117,-4.83618,1.17829,1.96219,-0.83898,-4.25268,-1.1679
185947,4.25241,4.11718,2.93699,0.14707,3.9191,-1.2615,4.18897,-4.47608,2.62279
186040,2.46731,0.7036,2.70684,-3.77943,-0.92359,-1.78725,2.81534,3.05191,0.38926
186141,3.14531,3.22759,-2.57342,2.02555,0.80725,-4.94337,1.53509,-0.4087,-1.096
186444,-3.01881,0.80188,0.27232,-1.25602,-2.10976,2.24093,-4.0579,-1.92394,-2.2995
186545,-0.44228,4.7149,-2.01723,-3.99005,-0.03853,4.1893,0.20164,4.52327,-1.5645
186848,1.89518,-2.61693,-1.50198,-3.52914,2.21549,-4.18915,-1.58871,4.14915,-1.68334
186949,-0.02131,-4.00848,-1.00848,2.4581,-1.32462,4.75418,2.49866,1.11736,-4.40282
187143,1.18461,-2.87964,-3.91599,1.16487,-0.89353,-1.74972,1.78197,1.99466,2.44391
187345,-4.80942,2.05971,3.04749,-1.11681,2.79031,3.59985,-0.06226,0.39007,-0.46817
187547,3.59353,-1.99175,4.07905,-4.62293,-0.29411,3.91747,-0.60237,0.5719,3.63342
187850,2.30249,4.16044,-1.88712,3.20414,3.53478,-3.99176,-2.89602,-1.11755,3.39047
188145,4.8399,-2.9938,1.06664,1.09616,-3.76329,-2.93019,1.41293,-2.32823,-0.8577
188347,3.78447,-4.01503,-2.6325,-4.58652,-3.68297,0.79583,0.46526,-0.38553,2.51232
188448,-4.57432,0.9908,-4.65253,1.94628,-3.55769,-0.68111,-1.71734,-0.43937,-3.82125
188549,-0.10082,-2.34731,4.67175,2.72707,-3.98151,-2.7687,2.26598,-3.6672,2.08821
188751,-2.81585,-2.33319,1.94993,3.00636,-0.61374,2.29837,3.56354,-2.86419,-3.97866
189349,-2.67953,-1.6484,3.99685,1.69897,2.44821,-3.06009,0.4776,1.43669,1.80905
189450,4.46653,-0.7155,1.09588,2.95632,0.53929,0.77502,3.25829,-2.80425,1.45279
189652,-3.16355,-1.90772,-4.08035,3.31275,1.81265,-3.79863,-0.54592,3.19407,3.14162
190031,2.60191,-0.23666,1.84778,-2.86054,0.90332,-3.67103,1.11896,1.72543,4.58004
190132,2.88932,-4.35731,-1.98964,-4.11553,-0.9761,-1.69835,4.85833,2.78828,2.59047
191033,-4.46922,0.58181,1.44692,4.25411,2.8819,4.25876,1.92305,-0.92493,0.09154
191235,1.98393,-1.33691,4.31418,3.70626,2.42414,4.75423,4.93497,-3.05935,-2.91825
191336,4.10971,3.31347,-4.02295,-0.93836,-4.13065,-1.45693,0.87314,-3.98625,4.98613
191437,4.96438,-1.17654,-0.44333,3.45848,-3.10043,0.68118,-3.65544,-0.49695,-4.60921
191841,2.59221,2.78786,3.82527,1.98438,0.5949,-1.71984,-0.20581,-1.33744,2.98715
191942,1.64961,3.87256,0.33853,-1.9818,1.16982,3.56679,-0.94944,0.20706,-4.38491
192035,-2.65445,1.68003,0.27156,4.1315,4.94412,-3.62071,-0.70429,1.26962,1.66814
192136,-2.87675,-3.14777,-3.25351,-1.21869,-1.12619,0.50143,-4.35909,2.78746,0.28421
192237,-0.91869,2.30559,-4.922,4.22322,-4.30808,-3.86434,-1.42477,0.04091,-3.984
192439,0.47043,-0.25016,-4.61783,2.49651,3.7886,2.61022,-3.36212,4.11331,-3.84716
192540,-4.19211,-4.56493,-2.92593,0.63485,-1.00723,-1.57708,0.39299,-0.6871,-4.35815
192641,-3.06712,2.12752,-4.99498,-3.07608,-3.12345,-1.89541,3.4635,-3.75751,2.74925
192843,-1.74908,-4.70444,-0.79417,1.17172,-0.84611,0.74804,4.73778,0.64403,4.39119
193239,4.18471,0.30635,-4.00964,0.2438,2.97091,1.53815,-3.85196,0.6069,2.36817
193441,1.79796,2.20251,-2.06969,0.80963,-4.59692,-4.19706,3.81119,4.89248,-2.67284
193845,1.73519,-2.58027,1.17112,4.88168,3.41722,3.44154,2.16111,4.90991,-1.67329
194140,-0.49088,-1.01293,4.77143,4.87732,0.25671,0.1634,2.14077,-2.7076,3.51494
194443,1.95649,2.63281,4.06762,-3.65353,0.02966,4.05587,-4.90171,-2.06755,-0.73749
194645,-4.58728,-3.69276,1.25055,4.05128,-2.29398,-1.824,1.82521,0.19954,-2.20804
194746,2.36097,2.34456,2.03396,2.12578,-3.29806,4.55548,2.39088,-1.58297,-4.57461
194847,-3.57687,4.58618,-0.96936,2.23436,-2.31918,4.32928,3.48223,-4.42436,-3.18298
195041,-1.25122,-2.3625,0.40353,2.78758,-1.43967,-4.01205,4.24122,-1.62633,3.43181
195445,-3.8122,-2.62793,-1.9146,1.31358,-2.33788,-0.59552,-4.87912,4.48171,4.41132
195647,2.2061,3.62983,-0.03555,0.2032,-3.10903,1.54963,-1.28691,-0.81894,0.6311
195849,-1.53073,-2.00777,-3.87016,4.60065,0.44996,-0.34182,-0.28845,-0.68319,-1.68243
195950,-4.98511,4.38402,2.74356,0.64827,2.76501,-4.76783,1.52762,-3.2824,4.7539
196144,-1.20182,-4.44649,1.96859,4.75916,-2.96462,2.14979,4.77493,1.98076,1.42823
196346,1.88904,4.08587,-4.50653,-2.54957,-2.31927,-1.949,-1.25357,2.92025,4.12905
196750,1.15451,-2.94062,0.22149,4.90999,3.84515,-3.58157,-2.71936,-2.45485,0.00637
196851,-2.05053,-1.24286,-3.2636,-2.66121,0.84563,-0.02176,-3.67959,3.73207,2.50249
196952,-3.00409,-3.04273,3.5422,-2.10729,-1.98419,-1.67979,3.37546,-2.7955,3.01314
197348,4.70625,3.43541,4.50275,1.35904,1.26427,-4.29828,-1.08235,-4.21826,3.05281
197449,2.14387,-3.8843,3.25015,-0.48904,-2.33583,1.87997,-0.73949,-4.51974,0.37559
197550,-4.18462,-2.11697,-0.94286,-1.27668,-4.17906,1.6776,-2.52525,1.93029,2.54155
197651,-1.12558,2.95491,2.27968,3.65303,-2.40675,-2.15496,-0.70528,-4.44533,3.26858
198047,-2.76976,-4.53085,-2.0728,-1.55242,3.74121,3.71497,-3.83623,-4.3075,-1.13991
198249,4.41615,-0.94284,1.66741,0.99671,-0.08445,-2.82228,3.60399,3.42131,-4.79768
198350,0.86061,4.98151,-4.78586,0.65653,-0.82242,-2.50061,4.47064,1.89629,-1.74455
198451,2.21975,4.06169,-0.25565,4.16377,3.37229,4.04641,2.84879,2.30372,-0.30706
198653,4.48836,0.20495,4.27324,-1.76771,0.08629,-1.48265,3.29547,1.22699,-1.14669
198855,-1.45575,4.47455,3.73754,2.25431,4.19407,0.70192,2.24321,0.80271,-0.6506
199150,2.83201,-1.91669,-4.73862,1.70418,4.51295,-0.76,1.89205,2.26795,4.893
199251,-3.29876,3.83665,-2.90343,-4.44472,4.87764,0.37299,4.51142,1.73863,2.38985
199352,-3.20109,2.09152,1.76991,2.22597,-4.81026,2.59839,-1.54737,-3.68445,-0.90684
199453,-2.22372,-1.45224,0.38255,4.95327,2.76554,-3.7983,-4.37189,3.00555,-3.68534
199655,-2.70689,0.76214,3.22985,-4.50912,2.3578,2.98649,2.47735,-1.64568,0.45977
199958,-3.99031,-2.46511,4.32339,-1.2869,-3.96881,1.13415,0.7184,4.09403,0.80917
200008,-2.37776,-0.34815,2.52681,-4.78448,1.5423,-1.33474,-2.00853,-1.86547,4.01435
200109,2.35855,2.06525,1.50163,3.24328,-1.16154,0.92129,4.72746,3.59307,-0.61361
200210,1.72975,-0.40013,0.03772,-4.56659,-3.95959,-4.2312,0.4442,2.79093,1.89985
200311,4.42364,-4.1531,-0.64647,4.60351,-0.59999,2.53064,-2.91912,3.9736,4.14458
200513,-4.63237,0.40061,3.79568,-0.0779,-1.33477,1.35363,2.40462,-1.96087,4.1447
200614,3.32436,2.93064,-2.32745,2.58252,-1.73887,-4.19295,3.8522,-2.14246,-4.43842
200917,3.8234,-0.03601,2.79479,4.50791,-3.92303,-0.28181,-4.17542,4.96408,-3.72735
201111,-3.99894,0.30004,1.96836,2.52452,3.86192,-2.9166,1.40714,-4.57829,4.12262
201414,-0.98328,4.46213,3.95859,2.3281,1.33608,4.52569,4.86516,-3.13781,-3.32847
201515,-4.02444,4.74894,-1.38259,-2.38139,0.86569,-2.8974,-4.63179,-3.75295,-3.16341
201717,0.82548,1.32027,-0.45832,4.79142,-1.75666,3.27975,-2.658,2.7682,-2.4374
201818,4.56327,-4.44984,0.40443,1.94466,-4.08426,1.61079,2.82045,-0.45341,2.75189
202113,-0.90303,2.81328,4.11196,-0.55946,-0.53688,3.99266,1.67287,-4.4951,3.24628
202719,-4.512,-2.66854,-2.34495,3.98253,4.56591,-0.34863,-2.17429,-3.15121,-1.89845
202820,-0.98429,-0.1491,2.53049,-1.63161,-4.88438,-0.26063,-1.18392,-0.60976,-2.7236
203418,1.93062,1.36773,3.94819,3.99253,-2.31351,-4.90691,1.26581,2.90695,4.8525
203721,3.72244,3.02052,4.81135,-0.77975,-3.44847,1.59973,-2.74461,-1.42592,-0.72207
203923,-2.60116,0.47048,-3.0097,1.42909,-1.35269,3.01077,3.7345,3.59668,-1.9769
204016,-1.20492,-0.18018,2.4431,-2.09764,4.31324,4.76538,4.17957,2.11807,3.38698
204218,4.33671,-2.02606,4.8306,-2.60675,1.41369,4.60416,2.49238,2.06021,-0.14622
204319,0.89347,2.7034,2.81742,4.21364,-3.61885,4.99598,-1.57537,-3.29808,-2.4561
204420,1.22416,0.14684,-1.90891,-2.06055,2.14252,-4.87109,-4.15799,2.93806,3.92791
204521,1.92127,-2.87768,-2.49183,-3.1886,2.7642,-0.87,-1.99865,0.36614,2.73665
204622,-4.88929,-4.49356,1.87254,1.28474,0.30204,4.77389,2.70269,2.55215,-0.8604
205119,1.39841,-4.90216,-1.26882,3.20939,4.26892,-1.52565,-0.52794,-3.29448,-4.60599
205220,-0.02386,-4.92091,0.27272,4.09968,-3.95928,0.62437,-2.88357,-0.98032,-0.39714
205725,-4.77002,-0.26462,3.96324,3.93496,-3.56305,-0.94304,-0.63998,3.11709,2.75067
205826,2.29854,2.78522,4.72049,-4.34739,3.94796,-4.76406,0.36662,-2.12408,3.33755
206222,-0.72029,1.34309,-4.95864,0.26797,2.35253,-1.69839,-1.95571,-3.56584,-2.89734
206323,4.14838,2.08949,0.82735,0.70397,-3.22139,-0.30819,-1.39593,3.25211,-1.79912
206525,3.76868,4.64075,4.3065,-3.21961,2.98122,0.48592,-4.88014,3.47459,-3.66839
206727,4.1652,4.21904,-1.25622,-3.46255,1.61451,3.72289,-3.02418,2.92994,-2.61788
206828,0.48941,-3.196,-1.66059,-4.23261,3.15384,-0.00138,2.15877,0.34735,-1.47969
206929,0.30983,3.61036,3.8289,1.50037,0.1932,-2.93584,1.51611,-4.74815,-1.65528
207123,1.41458,2.33409,3.6364,3.47129,-2.25296,4.53615,-3.83664,3.70692,0.68907
207426,-2.28567,-3.19834,0.02333,0.30276,-2.24398,1.58897,-2.55523,2.40661,-0.53983
207628,-0.32467,-2.28952,1.27684,4.03681,-4.49912,4.04864,1.49766,4.52732,4.90287
208024,0.72654,1.84564,1.55791,-4.81427,1.74396,0.78594,-1.13226,-3.88169,-3.96332
208125,1.23507,3.48762,-0.8388,0.92295,1.70792,4.36999,-4.49867,0.60554,-3.00917
208226,-1.17397,0.2235,3.74627,-3.38673,-0.22853,-0.1221,-0.35253,0.08724,-0.81054
208327,1.85795,2.72051,-1.10766,3.62394,-2.71518,-2.53567,-4.40568,3.69586,-1.18676
208428,2.79269,2.87046,-3.36155,-0.85316,-4.91197,-0.08314,0.6191,4.60283,2.88706
208630,-3.89343,2.45733,-1.00854,0.98986,0.86161,-0.07465,-3.62643,-0.37821,-2.80887
209127,4.28209,-1.8356,-2.20046,1.95272,2.88608,-3.88068,3.94792,-4.70147,4.96135
209228,2.32124,-0.30172,3.39787,0.17613,-0.36306,4.51828,1.70476,0.96977,-1.52638
209329,2.62388,-2.10008,3.96008,1.57257,-4.83844,1.11704,-3.08872,-2.50604,1.16525
209531,1.23593,-0.84459,-0.15232,0.54149,-2.26799,2.23235,-2.91219,-3.67764,4.13268
209834,4.52905,-3.67584,3.48993,3.13532,0.34774,-1.25524,-1.89016,1.08244,2.22748
209935,1.09983,1.84783,-3.68917,0.06037,4.69695,0.81914,-4.81329,4.27846,-2.62887
210011,-1.94558,1.26356,4.73753,3.27465,-2.15234,0.84791,1.1102,2.67786,4.15577
210112,3.11201,4.06738,-2.01995,-4.63798,-4.12177,2.74223,0.28049,1.82842,-4.0265
210415,1.31934,-4.4621,-3.64635,0.24248,-2.26346,2.26808,0.09944,2.95204,-4.1603
210617,4.58831,-2.48387,-3.74732,-4.55345,4.60586,0.8874,-1.36215,0.59864,-2.91022
211114,-0.30531,-4.68855,0.15295,3.1416,-0.38772,0.09415,-0.20294,-4.9155,4.6547
211215,-2.90197,0.89278,3.46211,2.006,4.76879,-4.49479,-4.52054,-1.88363,2.9583
211316,4.27505,0.09696,-0.36856,4.1737,4.38941,2.36139,2.42999,1.65059,3.13543
211417,-3.93502,-4.39727,-4.5086,1.56294,-0.93255,0.95931,0.97164,1.1191,-1.04258
211619,-0.48404,-1.92615,2.6673,1.4155,1.9952,-3.39925,-3.80157,4.36998,1.08384
211720,-0.03795,0.4857,3.40196,-4.60577,-4.30862,-1.24913,1.88035,4.40117,-2.52089
211821,-3.08329,-3.85028,-0.74644,-2.48975,-1.53321,2.11046,-4.66002,-3.92915,-0.53554
211922,3.83535,4.06004,4.70119,3.65335,-4.62415,2.33056,-1.55354,1.85506,-2.11446
212015,-1.39897,-4.75741,-4.48288,3.51548,2.80756,1.60799,2.54026,3.88804,3.22649
212116,-4.04053,1.9347,2.03534,-4.89782,-4.26581,3.64878,-2.87436,-1.54748,-0.16049
212217,2.40279,-1.39776,4.34541,-0.84954,0.99619,2.13357,0.49042,4.11261,-1.13324
212318,-1.28917,2.89809,-1.61553,-4.89053,-1.01903,0.32786,4.18293,1.44073,-2.3192
212419,4.39468,-2.63781,0.73995,2.51226,3.45873,-0.67877,-0.6417,1.22465,-1.16956
212823,1.59189,2.47984,4.51424,-0.48164,4.90151,1.87541,0.13207,-0.35415,2.28914
213017,3.94028,-2.76086,1.55625,-2.81943,-3.67536,0.23551,-2.86659,1.01333,-4.46576
213421,-3.50804,-4.84366,4.03848,-2.78975,-0.64832,-0.20357,2.44766,-2.27601,0.8971
213522,-0.24296,3.33806,1.49857,0.2498,3.92558,-4.32031,-0.59393,-2.91817,-4.59755
214019,1.27977,-3.86888,2.0151,4.12745,1.70613,4.76586,1.75416,3.27248,3.91069
214221,-4.21253,0.11976,2.04335,-3.41798,2.90423,4.45041,0.29751,3.87068,2.79542
214423,0.68796,0.79263,3.16555,-1.45541,2.48734,-2.8418,-0.35471,-1.08661,3.37777
214524,-2.88199,-1.98802,2.5583,-2.46249,1.16234,0.80399,-1.3594,2.65729,2.57806
214625,4.35696,0.63853,0.55626,1.54166,-1.90757,4.64724,-1.6275,4.50998,1.2189
214726,3.25788,-2.31663,1.9157,1.59011,0.1269,4.01068,1.29675,-3.49109,-4.1827
217126,-3.65686,-3.9573,0.71332,-4.47652,-1.17429,-0.6211,-1.71457,-2.98549,-2.66049
217429,-2.60498,4.50877,-2.52476,3.09612,1.31389,-4.7634,1.26804,1.56649,3.58872
219231,-4.7382,3.15617,-3.38365,4.46456,4.34035,1.91045,-4.11814,2.34119,4.38311
220721,4.69025,2.2025,-3.56039,-0.65633,2.06159,-4.94999,-2.26866,-3.06237,-0.53207
221218,-0.27195,-2.51616,-3.90443,1.21606,-0.16457,1.0271,3.19632,-0.50306,2.0621
221319,1.3478,1.94488,1.6247,-3.74149,-2.688,-0.33192,0.42909,4.32898,1.35187
223929,-1.82371,3.07588,0.45104,-2.2534,2.35198,2.86871,3.60716,-0.67844,2.85287
224022,-4.86332,-0.26994,0.77204,-2.5104,-4.75708,-1.68787,4.80504,-4.1651,-0.93167
227432,-3.20226,3.30835,-2.63387,-3.6131,-3.67489,4.75645,-3.46136,-1.0391,0.51785
227533,2.68331,3.0086,-2.57001,-2.23601,3.61974,0.72402,1.40474,-3.33163,4.19653
228434,-0.69456,-4.86385,-0.40513,4.13123,-2.83279,0.12188,2.23273,-4.79723,0.01213
231928,-2.03318,1.0505,1.77375,0.94772,4.14377,-0.91238,4.25029,2.85991,-1.32213
233326,-0.67567,0.21896,3.2035,-2.87854,-4.70301,-1.21087,2.39016,-3.51859,3.57275
236130,2.83196,-3.35203,3.54843,-0.41266,-2.64242,-1.98134,-4.94264,-0.61806,-0.51145
237334,-4.41849,0.11726,-1.08307,0.21045,-4.39773,2.77675,-3.2933,0.55655,-1.34871
238033,3.85452,-0.52337,2.8946,0.8431,-3.34841,-0.78047,-2.55102,2.4712,-2.26043
239136,0.36444,1.97482,0.71551,-3.2675,-2.94215,-4.29592,-0.22111,-2.62557,2.27096
239944,1.13741,1.73128,-4.10525,-3.77642,-0.33076,-1.21357,0.01094,-4.31203,4.02438
245333,-0.33571,0.4004,0.38029,0.77417,2.95547,0.83812,2.6258,-2.79438,4.8508
246133,2.0408,2.72646,-3.95043,-2.93197,3.68575,1.8867,-1.70407,2.78968,2.78857
248238,-2.45973,-4.2195,-0.2234,-1.75441,-2.92619,-2.55442,0.71272,-0.62381,-0.21968
248339,2.98055,-3.0622,3.67591,0.66216,-4.05776,-3.17454,0.847,-2.01589,-0.71434
249947,-4.09669,0.99943,-1.08823,0.79938,1.97145,0.97764,3.29755,-2.89311,3.73326
250427,2.8691,1.52182,-2.98321,2.63791,0.87352,4.74554,2.0443,2.7821,-0.07137
250932,4.29735,-2.68044,1.78453,3.78509,1.51016,0.36275,-1.12189,-1.33407,0.64649
251833,-2.75021,2.94018,-0.00626,4.69242,1.11166,-1.24239,3.6837,1.29414,-1.30431
255639,-1.65691,1.57927,-3.63555,-4.75075,1.03218,2.23493,-3.22361,-1.20748,1.38359
255740,-1.32851,-2.5109,3.80057,-3.64973,2.41854,-1.87354,-3.89232,2.10801,-4.47642
256540,-2.34564,-1.57759,-0.15258,0.47295,0.70602,-3.0156,3.60171,1.96724,3.46882
257542,-1.71694,-2.36343,-4.84671,1.52405,0.74439,0.74276,1.78843,-0.7395,4.0903
257845,-4.40553,-2.25784,2.4057,2.4289,-2.23218,2.78759,0.39526,-2.72704,-3.17745
257946,3.11887,1.60353,4.32323,0.74295,3.27238,4.66123,1.88961,1.0064,-2.67785
263436,3.05791,-2.51577,-1.50009,2.75886,-2.86,-4.06442,1.85336,3.27437,4.18258
268749,-4.5886,-1.38421,-0.50702,4.75099,-1.65095,-1.5499,-0.52922,3.76698,-4.62124
268850,3.2148,3.9266,4.54431,4.65257,-2.1434,-2.37016,1.67575,-1.76428,0.67704
270332,2.09876,-4.88366,4.28053,2.15426,-2.63615,2.6787,-3.82726,1.57647,3.41378
274542,-0.03486,-1.54728,2.43758,-1.54562,1.13867,0.85615,-2.6682,4.22441,2.46455
275645,3.56399,4.53793,0.04826,-1.88016,-0.68449,1.67958,-4.62922,4.89397,4.46273
280739,0.33997,-4.25232,-3.43284,4.14414,-4.16204,1.46461,0.41819,3.21683,2.06705
280941,-0.07134,-1.87736,1.4299,-3.43029,1.97749,-3.55354,2.61649,3.36586,3.75471
281135,-3.82155,-1.79726,3.4263,-4.23784,-2.86053,0.52473,0.28256,-2.01657,3.75655
283543,-1.13817,-3.38715,-4.41139,4.85429,-2.16462,3.39421,1.29674,2.53171,-4.39536
284646,-3.46626,4.73999,-4.86146,4.23983,4.27359,-4.64914,3.37512,-2.90522,1.76694
285345,-1.6085,4.05718,-1.11652,2.19018,3.91289,-4.14122,-1.10052,1.95621,3.53079
285446,3.22618,-4.58768,-2.93736,2.40616,-4.5747,-2.49676,0.70548,-0.68614,-0.22643
286347,-4.93065,-2.88887,-0.31333,2.65096,1.86881,-2.60648,3.84884,2.3776,-3.91443
286650,4.35519,-3.42919,-2.49399,-0.07244,0.05461,-1.29211,-4.22538,-0.82252,-2.73243
287248,-3.49245,1.59242,1.53461,-0.91486,-4.08463,-0.98064,-0.7276,-1.6263,1.84914
289555,2.58993,-1.87523,2.81228,1.49761,4.63165,-2.2764,-1.75268,4.94192,-4.46438
290136,-0.04476,-1.30717,-1.03754,1.86693,-3.30006,-2.37016,-3.05885,2.73829,-0.05474
293748,-0.04558,1.40488,2.98831,1.1687,4.63971,-1.73196,-3.19125,1.53914,2.80128
295146,-2.78565,-1.87484,-4.8334,-4.30805,-0.36428,-3.2347,-0.21375,-2.06477,0.06308
297655,-2.38618,-1.27377,-0.2282,-4.92615,4.06273,-2.90133,3.95318,-0.93116,4.52175
298051,-3.26113,0.09441,2.88083,2.36789,3.41279,1.86919,-0.51309,1.04224,-4.02082
298455,-1.50082,-3.33334,-4.37451,4.5062,0.27886,2.61241,-1.30581,2.42412,-4.46222
299154,-0.49973,2.98117,2.29322,-1.74225,-3.86076,3.28956,0.06199,4.46233,-1.20323
299760,4.04979,-0.22128,-2.39363,1.33276,3.25209,3.68395,-3.15626,-0.12439,-1.59224
300618,-0.77768,-2.09295,3.34763,-3.47078,-4.19744,-4.6489,1.7726,0.19489,1.1925
300719,-1.03292,-2.81507,-1.91455,-3.23714,-3.11315,2.08878,3.60552,-0.77028,2.71113
303119,2.09006,2.07802,-3.59903,-1.81698,-3.92204,0.96666,-4.38036,-3.45149,-1.4842
303624,4.88104,-1.02307,-1.1603,-4.9753,-3.70609,-4.55373,3.14653,3.19778,2.2546
304020,-3.23933,0.23672,-3.94792,3.40665,-2.00265,4.23276,0.97015,-0.51504,-0.76502
304727,0.62094,0.42857,4.95687,4.12396,2.50983,-4.34843,3.74661,-3.96206,-2.62016
305830,-0.59513,-2.35971,0.27764,-4.79288,-0.88652,-2.09369,1.80955,-4.3147,2.07412
307127,0.24245,4.00252,4.24918,-0.13337,-2.08064,-1.49471,-2.33916,-1.93654,-2.1526
308129,3.15208,4.46049,-3.04727,0.54247,-1.98717,4.1438,-2.08271,-4.03035,2.7643
308331,3.75014,2.87995,-1.42235,-0.15604,2.87573,2.24348,1.84981,1.82088,1.98141
309636,-1.9406,-3.74944,-3.45829,3.337,-3.95676,-2.85083,-4.87438,-4.49528,1.84053
310621,0.59759,-1.11134,1.18337,4.65165,2.98874,1.55715,0.54034,1.24905,-0.93277
311320,-2.48426,-4.80487,-3.9227,3.8025,-4.95509,3.54249,-0.28958,0.79789,4.74517
314225,4.27032,2.96916,-3.29033,1.38044,-4.58668,2.36411,0.3629,-2.31574,-1.73064
316633,-3.51094,1.49683,-1.46489,-2.34707,2.36335,4.51253,1.9568,2.36758,1.20323
316835,0.16986,-1.90025,-3.91169,-3.55344,-4.51947,2.00606,2.4922,-3.63713,4.24663
317332,-4.10618,1.17711,-2.07838,4.49697,3.45767,-4.1183,-3.84474,1.38121,-1.36951
318637,-3.59333,4.88938,-2.90256,4.61515,3.70052,-1.33914,-3.73889,2.84076,-2.5186
320826,3.07097,2.97911,1.89052,1.44406,2.13663,0.79386,-4.10362,-4.78356,1.61622
321323,3.68852,-0.01839,0.93779,1.64709,-3.14626,0.74872,-0.10946,1.67808,1.39317
322224,4.7707,-0.52074,-4.13729,-3.16359,4.77515,1.01228,-3.62773,-2.55909,-2.82008
325129,-0.45351,-0.75368,3.32445,-2.03768,-2.65932,-4.43045,-4.45111,-2.47956,0.68548
329440,-0.49292,3.72593,-0.77402,4.3517,0.80443,-4.17408,3.06276,-1.99228,0.16876
329844,3.69852,-4.41315,-2.62556,1.96351,-3.18151,4.37662,2.4008,0.90997,4.14037
330324,-3.13354,2.86375,1.76301,-3.19527,1.88365,4.84769,-1.70744,-0.70336,-4.96313
333330,4.94252,-2.68351,0.59004,-3.8931,-3.38813,-3.78304,-4.03227,2.04715,-2.93476
334635,-2.59928,-3.63669,-4.82345,-0.52133,-2.33418,4.73682,3.99056,-2.96042,-2.41104
336841,1.21102,-0.74444,-2.84867,0.33686,-3.43123,-2.7178,4.70445,2.80139,-3.33858
339847,2.2422,-2.16695,1.60018,-2.75212,-3.80527,-3.04258,-4.15962,-2.82437,-2.63152
341834,3.66549,-3.6149,-4.63988,-3.43156,-1.44843,-3.98402,-4.6222,4.1082,-2.06056
342129,2.27748,0.34034,3.24327,-2.89817,-4.17562,4.72537,0.20201,1.27505,-1.19699
346137,2.0343,4.73616,-4.68735,-3.74521,-2.59763,1.86184,-1.10394,-4.41124,2.97685
346945,-3.98674,-1.78465,-3.45257,3.02295,0.75349,1.08216,1.78819,-2.9845,-1.80775
348545,-0.44758,-0.24492,-3.09698,3.14697,2.61137,-3.70176,-1.46358,-1.49853,-0.83372
349244,0.52493,1.90694,4.78299,3.00223,3.04915,-0.32784,3.74724,-3.43166,4.1338
350330,-1.76387,-1.76851,-3.04101,-3.57141,-2.59519,3.65081,3.63136,1.04007,4.42441
351938,2.35468,4.51069,4.77405,-0.426,0.50286,-3.53957,1.04472,0.91197,-4.74183
352132,4.19914,2.27856,-1.24174,-2.13354,-0.85914,-0.43245,-4.16919,0.50505,-1.92517
352738,-1.843,4.73395,2.11145,2.977,4.88274,-2.95606,-4.2079,-1.13603,-1.13555
353740,-2.20467,0.49653,-3.64347,-1.35798,3.94005,-0.15061,-4.32604,-1.06768,-3.4065
355239,2.32558,0.19869,1.12416,-1.9881,1.33113,3.18039,-0.63782,-1.15034,0.17943
355542,-1.94286,1.77986,0.46155,-2.11348,-0.54379,-1.84543,-4.87037,-0.17049,-0.65903
356948,1.99459,-1.00291,-4.63471,-2.52884,-2.1649,3.048,0.28003,-2.69583,1.31385
358144,2.3785,2.46887,0.31583,-4.5812,2.68926,-0.87652,4.35626,-0.81594,-1.50098
360030,1.31518,0.24583,-0.0919,-0.3047,-2.59042,2.69788,-1.75849,0.42391,-4.7623
361234,1.10169,-2.97377,1.45837,-2.41556,4.11472,2.15866,-4.79968,-3.95858,-4.50151
361941,-4.88454,-1.73614,-2.69677,-3.94867,-1.4467,-4.80091,3.08676,3.79414,-0.23087
362034,3.45027,4.2959,-1.59799,-4.30772,3.268,1.89061,2.4114,0.80709,-0.35772
365343,-0.92162,-0.42971,-3.10474,-1.52649,3.35006,-4.57201,1.23544,-3.61812,-3.53105
366042,4.50189,-0.36837,2.27087,-0.21539,-2.29096,2.83585,-2.33676,-4.0516,1.26565
366446,2.2767,2.58862,-3.20248,-2.65478,-0.98154,0.65725,1.20609,0.35442,-1.62678
368551,2.73617,-3.66054,1.52319,-1.6731,0.56688,4.81583,-2.5696,2.94284,-3.64729
368753,1.05206,-1.37647,-0.55265,-0.82156,-0.07285,1.75198,2.52459,1.29205,-1.71955
371843,4.76639,4.468,-2.91809,-3.92316,-0.42256,1.12772,2.72039,-3.79655,4.56988
376247,1.76807,3.80177,1.44342,-4.10065,0.41414,-3.22942,2.84644,-0.02723,-4.09191
377451,-2.13561,-2.53386,-0.9491,-3.38706,-0.71559,-0.84755,3.93264,-1.88685,-4.09816
378756,0.78105,-3.18285,-1.06051,-3.18861,0.52173,-4.44068,-1.36541,2.95049,3.93411
378857,2.40875,-1.05627,-2.75914,1.96905,-0.56597,-4.0071,2.26685,-4.47053,4.98496
379657,-4.27114,0.57672,-2.18566,-1.77933,-0.57834,0.85917,2.2433,-3.96749,-2.04399
380036,-2.71697,-3.48521,4.50628,2.39713,0.17872,3.54549,-0.97843,-4.66452,1.36807
381038,-3.8648,0.76488,-0.97762,3.81635,3.53511,1.95898,-2.27694,-2.50106,2.25991
381543,-4.66803,-4.31616,4.32565,-0.35283,-3.82781,-4.11081,-4.68242,3.16105,1.56439
382242,-2.15319,3.63045,-3.27559,3.94033,-2.57593,-0.01226,4.60478,2.35632,-2.34395
385046,-2.20994,-0.76287,2.56853,4.48843,-4.96339,2.61406,-3.6885,1.94345,-4.08869
385450,-0.72823,0.49614,-2.5738,-0.18242,1.33051,-4.71086,4.99444,-4.03536,-1.33759
386250,1.49751,1.1996,1.58688,0.16023,1.53735,-2.47183,-4.77656,1.65113,0.00559
387959,-1.44677,4.24426,4.19566,2.1615,-0.35938,-3.67965,2.24334,-0.58858,2.09243
389357,-3.68914,2.49512,3.89647,-0.91212,4.64667,-4.03729,4.24688,-0.67162,3.01661
390645,-2.74308,0.13565,4.63876,2.98832,1.34912,1.32569,2.22407,1.23545,-3.46926
391748,4.34325,-3.39848,1.74476,-4.38659,-2.08885,-2.34544,4.81166,-3.998,1.38345
392447,-4.44546,-0.3686,3.37169,-0.07338,3.91044,-1.0456,-1.19287,-2.16223,4.44488
392750,1.30398,0.40222,3.52426,1.39998,4.81675,-0.06109,4.63007,-3.74728,1.76875
393247,-4.02116,-0.91447,1.67182,4.73351,-0.57021,-1.86618,1.27347,-0.4832,3.95745
393550,3.02637,0.47277,2.207,-2.42298,2.13902,1.01225,4.57114,2.41932,2.14785
394956,2.42253,2.22436,1.06152,-0.34241,4.77864,-0.5146,4.7318,-4.84204,1.59504
395251,1.57762,2.4132,1.29058,-0.33018,1.65206,1.67545,-3.13169,0.51474,-4.26679
395756,0.49779,2.89833,-1.43297,4.22994,-0.69545,-2.07834,0.86858,1.91724,3.60644
395958,4.09036,-3.11435,1.31226,-4.42918,4.00139,-4.65404,-2.97422,3.87508,-2.68148
397154,4.19094,-0.93818,-0.37854,2.84616,-0.47262,3.04253,0.82692,-0.58703,-4.24048
397760,3.18429,1.90505,-1.44949,-1.32961,-0.75697,3.98636,-3.16927,1.94152,-1.62418
397861,-3.43228,-1.21073,-4.84301,1.39741,-2.8325,3.66153,-3.86538,4.03476,4.71488
401422,-1.6152,0.4332,2.82749,2.75217,2.66554,0.39607,-1.43729,-2.46917,3.11311
406432,-0.63269,-4.80868,-3.46653,0.59177,-3.36233,-3.30348,-2.11499,0.79223,2.57101
406836,4.18197,2.648,-1.76784,4.10911,-1.25436,0.20795,-2.30316,-0.61988,0.19683
412528,-1.364,-3.56034,-1.04353,0.90424,1.66505,3.51293,0.08637,4.14034,-1.95368
414229,-4.50473,-2.81444,-4.10834,4.65747,-3.18278,-4.68282,-4.91084,-4.38529,4.33716
415837,-2.45842,2.25573,3.58026,2.6259,3.07234,3.24301,3.59567,-3.24295,-2.42665
422632,-3.1241,4.28028,-4.80995,-3.96582,4.3403,1.00057,-4.38559,3.12876,4.84293
424939,-3.13184,4.32011,3.75187,-3.27111,4.47931,4.64702,-1.56269,-2.08708,-4.07136
429040,1.61297,-1.15572,-3.30442,-2.89783,4.96579,3.33886,3.61031,-3.5964,-4.50033
432332,-2.2815,1.21922,1.92489,2.59725,-3.08426,3.32911,-3.65685,-2.45229,4.65654
433839,4.32151,0.60815,-3.46847,-1.29238,-4.28206,4.30135,-4.67879,-2.30341,-0.05844
436239,-2.97849,-0.1112,2.36124,-3.69665,-2.66254,-2.23552,-2.15039,1.02034,-1.08889
436845,-3.33903,-0.20355,4.50257,-2.24189,0.36824,-4.22769,-2.10829,2.48329,4.85049
441939,0.21692,2.66698,-1.74094,1.36052,-3.05894,-0.35622,-2.85621,-1.27229,1.77417
445543,-2.14571,3.68304,-3.80327,4.89038,-1.68025,2.39445,1.88894,-0.68064,-0.61892
448347,-4.37615,-0.46839,-2.38769,4.29522,4.26291,-1.9362,-2.24083,-4.77314,4.5547
449753,4.81142,0.3355,3.3465,-1.65405,1.91053,1.60933,-0.45819,-2.62736,0.12191
453441,2.32948,1.8847,-2.57381,0.78935,-0.88585,-2.70112,-3.39915,3.84154,1.27004
456346,3.14508,-1.13485,-3.63116,-1.83449,-3.82307,-1.67727,-1.45587,4.42061,-0.44998
459453,2.54353,-3.30328,1.93377,2.51599,0.46194,2.03873,-4.8579,4.56278,-2.02558
465852,4.12733,1.1858,-2.68762,-1.76219,-4.20135,0.85363,3.77002,4.95268,-2.799
467351,4.46482,-3.16411,-3.79153,-4.47716,-0.58093,0.56021,-1.98467,-1.29814,-3.22549
468050,3.4486,-0.84958,4.04257,3.24431,2.40863,-1.27977,4.36399,3.23945,-0.70533
473952,0.37977,1.83882,-3.20805,-0.3162,4.73942,3.76388,-3.11259,-3.72407,1.04746
475855,-0.99625,-3.81681,-2.77994,-0.058,1.51855,-0.95413,0.82457,2.56312,-3.4438
479762,2.17003,-4.58031,-0.5771,0.92105,4.31038,0.96913,1.19127,-0.36595,4.78882
480141,-3.26405,-3.45619,2.11212,0.43525,-0.57633,-2.7677,-1.36828,-1.04396,-1.70697
481951,0.52812,1.45604,-0.91631,-0.26588,-2.59997,-2.88573,-0.33152,2.38151,-4.61946
485757,1.32783,-1.19297,-0.29627,-3.0666,4.86114,-0.42753,1.19009,-1.77887,-1.20036
486759,3.92552,-1.77705,1.7441,-1.92116,-2.02634,-3.64848,2.80982,-0.85505,4.84696
492754,3.30358,2.10507,-4.01526,-0.94923,-3.2354,1.00066,3.6479,0.12312,4.24818
495255,3.20284,-3.06653,-3.34412,1.29328,-0.89674,-3.06611,-1.73791,-3.22727,-0.59257
497865,-2.75544,1.36431,0.2388,-2.26922,-3.06181,1.49143,-0.18415,-4.88835,-1.08457
499566,1.02499,3.78124,-1.93796,1.12917,2.44994,-0.80333,4.569,-3.57334,0.31946
500222,2.39998,-2.68328,-4.48517,0.75227,-2.43178,2.41919,-4.43972,-1.48358,-3.25376
506234,2.4458,3.0311,3.62844,-1.49813,-0.16089,-3.55596,0.92002,-3.41222,0.61043
510326,3.94627,2.66732,0.34792,-0.98069,3.48197,-1.73045,-2.69575,-1.79631,1.76237
512835,2.13356,-1.03383,-0.39457,-1.86905,4.84399,4.425,4.62387,-2.66633,-4.70457
513736,-3.30779,4.37333,-4.78237,-1.85974,-4.26326,0.18618,-3.05134,4.98004,1.79183
517239,3.18637,1.60814,1.46063,-1.39286,2.74484,3.80891,0.24772,0.10863,-2.98304
519950,3.29249,2.77697,4.66987,4.33936,-4.61383,1.4494,-1.31475,4.84802,2.60826
520228,-1.91391,0.64892,-4.03455,4.15616,2.19767,-2.33184,-3.20572,3.61718,2.71055
521331,3.91708,-1.35406,4.36859,3.36094,-2.50925,0.86717,0.49115,1.23732,-3.10821
522434,0.36039,3.10414,-0.75223,-1.15587,-1.34716,-1.49406,0.83714,-0.52264,0.92679
523032,4.42942,-4.72351,2.03514,0.74932,-4.20648,-3.37232,-4.63914,-1.42536,-4.78353
524135,-3.4514,1.96483,1.20601,-2.39775,-0.27187,3.27522,-1.08655,-2.0989,0.8684
525541,0.55394,0.5912,-3.95642,-2.65329,1.47854,1.18353,-3.46779,-1.69915,-2.42372
529549,-4.4283,-2.60216,-1.77218,-1.57563,-1.59639,4.2254,-2.09796,3.29684,-2.19348
529953,0.57093,-4.61896,1.40775,-1.51594,0.54398,-2.47104,-2.76009,-0.3398,2.53236
530635,0.89769,2.94023,-2.18153,2.8384,1.07575,-4.64053,3.13463,2.12194,3.03935
531536,4.5888,0.03446,-2.9869,-0.11447,0.34586,-0.87519,-3.71322,3.25239,0.22352
536647,-3.57469,-2.84469,2.313,-4.35217,-2.91575,-0.17269,-3.96453,-2.81038,-4.82593
540436,-4.29383,2.20037,3.39444,-3.12384,-4.44033,1.68117,-0.3729,-3.89657,2.32132
541943,4.2516,0.35006,3.90172,-0.99775,-1.02353,3.2356,-3.08272,0.83237,3.76956
545345,2.49009,-3.45181,0.86369,-4.11725,4.78383,3.06824,3.66081,-0.87063,1.98686
547046,4.51492,2.82892,1.0966,0.48845,-4.63281,-3.26221,1.16989,2.94745,1.55982
548250,-0.59685,-0.86359,3.85485,-2.63494,3.87251,-2.84218,2.88355,-2.38968,-0.95355
549757,-2.5324,-4.52336,0.8586,0.06627,-2.31432,2.21147,3.3984,-4.10154,1.53952
552544,-0.74008,-0.08797,-0.65084,-0.77143,-1.38446,2.8041,0.97388,3.04605,2.80804
553344,-4.62987,2.27048,1.64633,-0.75109,-0.71244,0.62121,-2.17502,2.38214,-0.91557
555348,-4.86632,-1.98607,-4.02019,4.81051,-0.45746,-3.12414,-0.27361,-2.25333,4.50501
555651,2.58988,-0.2499,-0.52505,2.647,1.54411,-0.66115,2.07156,4.87535,4.72837
557857,-3.16709,2.84408,-0.83515,-0.0764,4.88598,-0.6784,-1.28503,3.37212,3.52795
559053,1.28151,-1.32337,-4.29214,0.98645,-3.26379,-1.70509,-3.69946,-1.23618,1.51307
561242,4.70591,0.50261,-3.49837,-1.96588,-2.45103,-1.19231,2.32019,-2.77917,-4.10814
561444,-3.18806,-4.72575,2.12174,3.65026,-2.60238,1.46528,3.5935,1.36625,-2.3459
562345,-0.76536,-4.49123,-0.83733,3.95527,-1.21708,-2.20909,-3.90629,-4.40976,-0.2138
562446,4.47597,3.8885,-3.6275,-2.87766,-2.80286,3.0557,4.24245,1.94404,0.76015
565452,2.38754,3.34573,3.47748,-2.06475,2.83045,3.27912,4.93613,3.22184,1.81472
566454,3.77947,-4.77448,-1.72311,-2.18776,1.77978,0.06375,2.28618,-3.17218,4.12108
567052,4.47616,-2.27327,4.74723,-4.2177,-0.00349,1.03747,1.36402,2.2197,-4.37261
567961,0.58703,1.92832,2.20973,-2.79273,2.78416,4.3874,0.2001,4.57369,4.41354
568963,3.33369,-3.00849,1.16934,4.89624,-3.96404,3.80949,-4.67157,0.67704,-2.59246
570243,-0.19472,4.19604,2.80984,2.11076,-4.6971,4.85361,-3.04631,-4.32756,4.23726
571144,3.67493,4.12487,-0.59132,-3.52044,1.24576,3.52236,1.7303,0.4573,-0.59693
571548,-0.91813,-2.10721,3.58309,-1.62602,-1.5239,-3.76066,-2.9885,1.46095,0.7499
572045,3.67029,0.22187,-2.87949,0.10199,-4.90817,3.14457,-3.85496,-1.26404,4.23959
573451,-1.89841,0.09611,-3.04191,-3.59108,0.57317,-0.03418,-3.59388,3.39635,1.61182
576255,2.56678,3.14242,1.23939,-2.59998,4.86525,0.21317,-1.74418,-2.05356,0.92311
579665,0.23047,0.73504,3.58026,2.56065,1.97271,4.63235,1.88699,-2.51641,-1.41124
579867,1.80595,1.84888,3.36603,-3.46602,2.36962,-3.19416,3.57693,4.83847,-4.22805
580044,-2.73622,3.69222,-4.94572,4.83291,-1.59903,2.50461,1.16186,1.29298,2.96233
580347,-4.97937,3.08528,-4.2443,1.20465,-0.73994,3.2485,0.08635,-1.86553,3.01084
580751,-2.87588,-4.90932,0.35878,-3.68063,0.67504,-3.07995,-3.45279,-0.75145,1.89086
581349,-0.97864,0.97732,0.11331,4.29212,0.02788,1.16684,-0.22119,-2.49604,-2.23047
581450,2.89996,3.99093,-0.02273,4.4119,-1.58956,-1.97651,2.33416,-2.39412,-2.03074
583858,2.75488,4.56985,-0.47005,-1.11007,4.73789,-2.58493,3.29905,-1.7101,-2.20805
584355,-2.97802,0.68872,-0.54785,-3.68127,2.31111,1.73907,3.68133,1.16315,-0.28811
585256,3.66588,-0.25359,1.86443,3.09084,-4.16385,2.82771,-2.17031,-2.97232,-1.3429
585862,-2.85456,4.5398,2.98459,-0.95694,-3.65623,4.97563,-4.39035,3.57641,0.38534
586460,3.30874,-4.20776,-4.53739,0.29091,0.24326,-0.91023,1.25614,3.06058,4.43978
587664,-4.48016,1.37346,-1.36516,2.14534,-3.12041,-1.34827,-0.40902,2.10278,-2.4382
588565,-1.47546,-4.58096,2.35964,-3.0631,3.13756,-0.32088,2.71904,4.2448,-0.31224
592455,4.54053,4.92253,2.15612,-1.61549,-2.44877,-4.14024,-0.82994,-4.07027,-1.60488
594156,-2.78114,2.06453,2.77135,-3.32685,-2.63122,-1.70611,-4.57115,3.93098,0.91113
597869,1.70288,0.53817,-1.54882,3.98302,-1.89161,1.88229,2.58903,0.16694,-0.46199
598568,-0.0389,4.81794,2.75223,2.27954,2.94435,-3.72491,-1.33117,1.80502,-3.06913
599065,-3.61737,2.76324,-3.68122,0.94567,-3.81873,4.75796,4.09071,-3.01447,-3.0435
599469,0.93232,-1.47112,3.39927,4.24473,1.528,0.53008,1.05265,-1.51586,-4.21188
599671,1.46199,-1.55752,2.24996,-1.92814,2.2663,-2.00144,0.10957,4.00361,-3.66429
601127,-2.92238,-3.61179,-2.12471,-3.62649,3.31938,-4.27502,4.00812,-4.83142,2.10387
604537,4.66794,3.10039,-4.23431,-4.26495,0.26055,-4.27248,-0.9809,3.67196,-0.48394
609143,3.2711,-4.78493,0.38702,4.09117,1.50944,2.61112,3.16092,1.85843,-1.19065
611231,-4.24143,-3.0481,-0.65923,4.84811,0.89569,4.99969,4.72727,2.75925,1.73501
611938,3.32385,-1.38469,1.2739,2.29688,-1.03722,4.395,2.75714,3.54343,-0.91451
613235,3.73213,0.51642,-3.88499,-1.4992,-4.76464,-0.00929,-1.24088,0.32515,4.38346
613538,-1.92582,-2.20318,-1.50842,2.90825,-3.48213,-3.98457,-0.11445,-3.5915,-1.30274
615744,4.68262,4.96985,-4.2389,4.37904,2.61486,-1.2909,-1.97617,-2.33273,2.23894
616645,-2.10142,1.26459,-2.98104,-4.10102,-0.17174,-1.34458,-2.09715,-3.52292,-0.29209
617748,3.98306,-4.49023,4.94273,-3.54651,3.12016,1.81637,0.65755,-4.10296,-0.29392
618952,-3.55727,-4.0846,-2.7995,-2.50157,-3.25464,3.29673,3.95347,1.44889,2.94772
620434,-3.84702,2.55768,4.77164,-1.87781,3.97997,-0.37604,4.05314,-3.76962,3.98801
622236,1.99469,4.15398,-4.66912,-3.61116,0.42792,1.92149,4.78578,2.62051,0.49784
623844,4.06706,2.21155,-4.55415,-4.68075,4.42766,-1.15273,4.98873,1.05738,4.75895
626648,1.88966,-1.42703,-1.79743,0.44696,-1.03144,-4.63875,2.00464,2.93604,-4.54507
627549,-3.08312,1.93848,-1.74895,-0.32559,2.36769,-1.08396,0.87414,2.51488,3.08602
627852,-0.45876,-4.79816,-0.5192,-0.74979,0.13108,-2.08028,1.25955,-0.63776,1.80964
628248,-0.3928,-4.64608,-3.42468,-0.03096,-4.30507,3.57994,-4.10249,-1.29475,2.31816
633847,4.57572,-2.03443,-2.30019,3.05283,4.90331,-0.10791,-0.74768,-1.80051,4.18133
638049,2.8817,4.84763,4.60607,1.15871,4.12546,-0.23281,1.91748,-3.72839,4.34619
644044,0.19188,1.15361,-4.30213,1.05826,-3.58151,1.17217,-0.58755,-1.1789,-1.53368
645450,3.48284,-4.97502,4.51039,3.71281,3.12223,4.64142,1.31824,-1.0805,-2.47478
645551,-0.33954,-3.41667,-3.22621,-2.50857,0.27682,-2.55712,0.36136,-0.78371,3.13455
647858,3.57019,2.1007,0.34532,0.74981,-0.49296,0.95944,-2.65741,1.37313,-4.28206
650746,-3.48199,3.02289,-1.16387,4.51659,-2.31315,-0.45515,3.76806,-2.59284,-4.53207
654350,-1.09913,-4.59078,-3.74603,-3.76883,2.98474,-1.75994,-3.05568,3.59494,-4.36096
654754,2.79278,-0.21139,1.90089,3.69538,0.71096,-3.92891,-0.42327,3.13579,1.13107
656253,-0.84951,-4.20884,-3.72319,2.5238,0.2589,1.05151,2.19549,-0.08599,-1.25166
656657,2.29921,0.24043,-4.12012,-3.4568,2.96933,4.75116,0.16938,2.15968,1.61703
657659,-2.85209,0.36929,-2.96913,4.69332,0.96304,3.37599,-4.22247,-1.66526,0.15348
660951,-3.84396,-2.13743,-2.12291,4.61676,-3.17016,-1.37287,2.14707,-1.91063,4.72933
662551,2.28117,4.09662,2.89124,-3.29399,-3.22769,2.42347,2.32801,1.42941,1.17582
663755,-1.02439,2.78745,3.73702,-1.65439,-0.2434,-3.94289,-4.60963,-3.81484,-4.5041
664757,-4.31678,1.92356,-1.06613,-2.76155,1.20698,-2.27424,1.76532,-3.01465,0.26301
665254,1.18615,1.18242,-0.55105,-0.77911,-4.87635,0.25257,-1.86837,3.52699,1.87135
667056,0.17628,-1.3202,-2.90187,1.09346,-2.96454,3.14748,1.46179,2.7012,3.92064
668361,-3.76464,0.9276,1.36722,-0.74358,4.40519,-1.64338,-3.82307,-4.28872,3.36906
671855,2.88687,-1.04689,3.10035,1.80487,-1.00964,-0.71466,1.78621,0.90198,4.40541
672756,0.72654,-4.57901,-1.08119,4.2232,1.75337,3.60915,-1.88193,-3.23104,1.32612
673455,2.32636,-4.88504,0.5049,0.20657,2.92353,4.58081,4.74951,-0.00059,-2.41093
677766,1.29143,1.02133,2.07386,-4.68713,2.74098,-0.41664,-3.62243,2.3542,-0.54089
677968,-1.00153,-1.47006,3.64581,-2.64639,4.97677,-0.79746,-3.91962,-3.03367,-4.64155
679568,-4.47044,-2.85677,1.85923,-0.7047,1.23803,-0.88377,-4.74865,-0.0458,-2.12994
679770,-1.408,-2.95472,-0.13351,-4.87114,2.67685,4.26748,2.30599,-0.52176,-0.06201
680250,4.77018,-0.89546,-0.11793,4.86239,3.25277,0.17884,-1.89688,-2.3408,4.91061
680957,3.74592,-4.3133,-4.52356,1.36163,4.90094,-3.74953,-1.63715,1.23546,0.50939
683256,-1.47722,0.79461,4.78059,-2.97301,2.70565,-0.99109,3.78274,3.95592,1.8288
685058,0.24391,0.35834,4.15388,-4.21509,4.47232,3.40452,4.82407,4.70765,-2.53402
686969,-4.3237,4.24922,-2.32453,1.37793,1.13242,-4.70306,-3.11613,4.92507,2.52203
687163,2.58125,-0.39882,4.63464,-3.11492,3.39172,-4.77385,4.33145,1.12101,3.27505
688569,3.60912,2.81699,1.20071,1.45101,-4.52897,2.22429,-1.86656,3.99223,4.13558
690152,2.93906,1.89839,-2.19906,-1.87434,0.0073,4.74081,-0.73478,-1.81648,-0.15198
693461,2.27855,-0.86608,-1.88613,-2.15036,2.92401,-1.47164,2.43063,-1.00932,-4.31679
693764,1.65864,-1.51245,-2.44261,-4.35978,3.38386,4.45566,-2.2567,4.11701,-1.23822
695768,0.84585,0.77482,-0.86421,-2.57196,-4.94914,-0.81571,-1.54287,1.66298,-3.36712
700634,1.71614,4.77399,-0.36065,-0.64667,3.3071,0.44201,1.00227,-3.85085,-3.2418
702133,0.62614,2.43927,0.1136,3.84967,1.13704,0.52604,4.45746,-0.43307,-4.57622
704238,-4.51426,-3.33748,-0.66591,-0.22699,-4.16943,-3.35994,3.67236,4.53075,4.7833
705341,3.63931,-4.69022,1.32414,-1.32333,4.48134,-0.94985,0.64593,0.76457,-0.94154
706040,0.30237,-0.43497,3.83024,-1.18264,-0.93431,-4.87916,-0.07071,1.76732,0.518
707749,-0.06619,-3.49609,1.47612,0.37622,-0.95729,3.34446,-4.31533,0.0624,4.16714
709551,3.05786,4.4711,3.3332,4.88351,-4.51588,0.57714,-4.95473,3.02358,-3.65254
713239,1.14516,-0.13192,-0.01177,3.01207,-4.6878,2.87582,-4.10963,-4.98497,-0.75996
715041,4.95292,-4.35369,-2.36766,-0.27051,-1.75869,-3.22174,-3.86322,-0.80552,-3.16002
715647,4.60593,0.52965,4.28074,-4.62383,-4.99188,1.97626,-1.06791,3.62472,0.4441
715950,-1.02901,-2.05013,4.21938,4.33504,2.48252,0.23649,1.87295,0.76247,4.29625
720337,-2.76532,1.57418,4.95572,-3.75622,1.18368,4.79682,-4.44292,-4.06965,1.63333
724446,-2.92765,-2.18995,2.37373,0.16534,-2.046,-4.93363,1.94609,-1.64142,0.30023
725751,-0.46762,-2.33678,1.41963,-3.70322,-0.71196,-0.60903,2.69302,-3.11014,-3.59017
727553,1.24068,-4.23193,-1.06614,-1.15278,-4.61534,2.93101,-3.97608,-0.92747,-3.85026
727654,3.27588,3.69286,-2.00296,-2.49728,-1.64506,1.26946,2.49393,2.80363,-2.89979
729254,1.65539,1.13107,-2.14156,-2.81926,-3.16274,1.72018,2.52232,1.33319,-1.94334
729557,-3.3922,-1.06649,3.70353,-2.18377,4.85003,1.23819,0.59116,-1.40434,1.02199
731140,1.53568,3.78594,4.16158,1.55746,-1.63967,4.46203,-2.25708,-1.68911,-1.09393
732243,1.28494,-4.95949,-1.35632,-1.26517,4.56243,-3.36521,-3.66893,-1.88342,-3.75609
733548,2.73015,2.98223,1.25479,3.42944,-1.36378,-3.71511,-3.30702,-3.05999,-4.51734
734045,1.41157,3.16508,-3.83213,3.23803,-1.91856,1.2463,-0.27851,-1.32562,4.15479
735148,-2.04373,-4.59821,-3.52894,-1.26726,-0.82003,-1.81937,-3.10671,-3.89791,-2.75093
737960,2.97424,-2.38714,2.15111,2.72765,-0.83198,2.63064,4.19703,-2.02875,-4.46162
742549,-3.42119,-4.63653,2.07921,-2.74884,0.9457,3.49483,4.01812,2.19582,0.52707
744553,-4.01333,2.77709,0.93747,-2.86607,-4.51624,3.81954,-1.66152,1.07496,3.14585
745555,2.44868,4.00537,-2.80684,-2.5477,-4.331,2.74815,1.63962,-2.3145,2.25966
748258,4.62479,-3.13524,-2.69101,2.9091,3.51917,-2.8449,1.59211,-1.71473,-1.54914
749058,-3.97939,-3.62843,-1.40843,-3.36966,-1.27029,-0.7668,-0.99414,0.49714,3.30339
749361,-0.78427,-2.92381,-1.28601,1.64855,2.61822,2.88823,1.4191,3.93796,4.82271
751348,3.36044,1.95675,0.42761,-4.43428,-4.31323,-0.54475,2.83435,-2.73854,0.1637
751550,1.28546,2.69236,-0.05612,-0.74098,-1.90025,4.25729,2.86627,-1.33135,-1.17922
753150,-1.99599,3.21996,-1.48726,2.55013,-1.63516,-2.13942,-4.55196,-1.14385,-4.80096
753251,1.10599,3.53407,2.5714,-1.07964,-4.02766,3.33613,-2.46422,0.50158,-4.00213
756055,0.07922,-0.03811,-2.39714,-2.09451,-2.44402,-0.36235,0.75817,-3.88125,-1.67579
759869,0.69944,3.9475,-0.12935,3.73753,3.31615,1.24868,-0.35783,-4.19514,-0.9177
761957,-3.11738,-1.04484,4.63825,0.87923,3.50215,-3.99804,3.44243,-2.67313,4.49531
765056,0.17719,-4.95026,4.44866,-4.61858,4.35069,1.03117,1.71114,-3.11549,3.47067
765864,3.32151,-1.71795,-4.94652,-1.17935,2.11479,1.8998,4.35193,0.14074,2.73044
766563,1.08509,4.21092,-1.80112,0.51166,-4.47815,3.17653,3.91262,-2.58758,-1.15778
767464,-0.74118,0.60551,-4.85591,-1.7427,2.98548,4.83146,-4.74449,4.67664,4.50546
769064,3.73936,2.92472,-3.68941,2.53627,-4.03348,1.06032,3.91436,4.55927,-0.43845
770352,-2.88283,-0.63405,4.64971,4.0969,-4.04635,2.51346,-1.04074,4.89773,2.36079
771354,-1.2378,-0.40995,-1.96026,0.75861,1.59614,-3.47052,4.33884,0.40161,-0.1991
773257,4.34995,-2.26258,-3.12411,4.81736,3.01277,-0.52257,-3.4884,-0.99037,-0.29792
779370,-1.07425,0.22227,-2.19851,4.52408,1.67569,-1.95145,-1.8833,-2.64002,-4.95606
782157,-2.43658,-3.33065,-0.03681,2.87869,4.29715,1.2958,3.11009,-2.71932,-4.445
782561,1.46981,-4.65042,3.66732,0.22653,0.04827,-2.73653,-0.29087,-1.48145,-3.65124
783462,4.57028,3.67536,2.18228,-3.31152,3.68967,0.77845,-2.00274,1.86598,4.55318
784565,-4.72515,1.66354,-1.34594,-1.60344,-2.11926,1.79891,3.1009,2.44029,-3.51344
786569,-1.28131,-2.51453,-2.10402,-1.80796,2.83632,-4.77672,-4.73502,3.52392,-2.0047
788876,-2.62692,-4.3823,-0.06804,-1.47828,-0.75039,-3.71555,-3.59922,0.01622,-3.50685
789373,2.90753,-0.70773,-4.37703,2.21649,0.74537,-2.54285,-1.61363,3.41895,-4.87892
792564,3.26748,2.79737,4.92121,2.81202,2.08126,-1.21525,-1.14706,-2.4235,0.37182
792766,-4.53904,3.42193,2.55976,-0.25622,-3.90023,-2.10171,2.33208,-3.16794,-4.13852
792867,-3.71195,-1.46737,4.97188,2.52796,1.1939,-3.43158,3.98153,-3.46377,0.22795
793465,4.78022,-1.2732,-0.0512,4.52558,-1.64084,0.79193,-1.261,-0.19487,2.06382
800941,1.27569,-4.78335,0.70306,-2.42248,-1.88143,4.27558,-4.60546,-3.3295,0.75009
803240,-4.41981,2.6475,-2.30585,-1.9567,-1.08825,0.37896,1.54136,-4.15008,-0.76255
810439,0.12446,0.83569,0.54187,4.82518,3.69585,-2.27001,-3.18307,3.25312,-4.29466
810843,3.12859,1.87845,-0.73459,-1.36451,-4.69336,1.64913,-0.91916,2.51951,-4.99464
812746,-3.46992,0.67873,-4.10856,1.68284,4.97811,-0.80642,0.67486,1.00788,-2.13497
814649,4.3171,-0.34065,-0.36396,0.78395,-1.42222,-3.20401,-0.58727,-4.69379,4.04487
815247,-3.62134,-3.13155,1.37386,0.89154,2.89919,-1.66057,-1.57686,-4.78296,4.17377
816653,0.23775,-1.89131,1.27805,-4.01782,3.95697,-2.6157,-3.83822,0.35544,-4.07566
818455,1.25205,-3.15611,-0.6343,-0.93289,1.081,-2.82616,-2.00937,4.60566,-0.53282
818859,0.32408,-1.52368,1.76007,0.22368,2.28405,0.25633,-2.43541,-0.15563,-4.57213
820745,2.845,-0.89567,-2.9866,0.31886,0.03914,3.23525,3.51283,1.03952,4.0021
825048,0.33636,3.83345,3.68432,3.63275,4.80009,3.48146,3.78586,-3.36741,1.43289
826353,4.88056,1.25989,1.40609,-2.87918,-1.65148,-4.19481,-2.06463,2.45229,-2.20796
826454,2.94211,-3.89936,-1.41489,-1.18643,-4.04097,1.83512,1.09516,2.97994,-4.62031
833148,-4.57526,1.70015,3.314,3.04848,3.46089,0.51344,3.92564,4.56534,-3.52914
833249,-0.11779,3.88996,-3.46529,0.73963,4.75842,2.08185,-0.41838,-1.30187,1.58263
835657,-2.51003,4.95685,4.45648,-1.01648,-4.5319,-0.64316,4.71894,1.45256,4.58406
837560,1.26987,4.11439,3.58077,3.84094,4.46021,-1.90222,-0.8299,3.43152,-1.55518
837964,-0.63143,4.67633,-3.31781,2.8077,1.79874,-1.89072,4.35527,4.05173,-0.36958
843151,2.38705,-3.47497,3.94936,-3.04261,-3.09061,-0.48998,-3.81767,4.59228,3.58401
844961,1.71355,3.83499,-2.06563,0.68245,-4.92925,-2.90771,2.95137,1.85951,0.13106
845458,-1.51178,-0.20205,-4.63222,2.1814,-0.79999,0.35379,-3.28646,-2.19848,2.68975
849264,0.47552,-0.91716,-1.265,1.3808,-4.6515,1.15879,3.75157,0.43874,-2.62664
849971,-0.38193,-1.92757,-0.6409,-3.93119,2.48785,-4.27903,-1.1121,3.84993,1.21531
852455,-3.49193,2.78956,2.359,3.39114,1.52628,3.55998,3.95492,-2.07147,1.35635
856463,-4.65762,3.88535,-1.30616,-4.47828,-2.66121,3.26711,4.1897,2.1167,4.26712
856766,-0.69064,-0.91328,2.57455,-3.28622,4.32017,1.87693,0.90937,-0.08463,1.54644
856968,-4.65103,-2.32278,3.46119,-3.53771,-0.02611,-3.32867,3.3122,3.21751,-3.78452
857263,-3.43438,-2.06357,0.04539,-3.09621,4.7168,2.29627,-0.71474,4.06202,2.3623
859671,1.7041,0.75389,2.34528,-4.16251,-1.5181,-0.70868,-0.7411,2.78501,1.85307
861456,-1.28664,-2.58861,1.42235,4.04653,-2.18101,-3.72991,-0.95596,1.56114,4.77679
865363,-3.62037,1.28404,-1.08069,-0.11451,-4.11973,-3.09645,3.04327,1.40642,3.48867
867468,0.87088,3.98639,-3.59935,-0.94032,-0.87552,4.13741,4.36984,3.17399,1.83216
870861,1.70474,-2.09594,-4.92695,-2.40196,1.08948,3.26415,2.74178,2.07067,-0.87416
871762,-3.7609,-0.50661,1.54595,-4.76323,-1.08779,-4.74686,2.66458,0.462,1.06637
871964,-4.68163,-0.66804,-3.48586,3.52954,1.08911,0.22443,0.3123,-2.95929,-1.97336
872158,2.10112,4.57817,-3.53091,2.54989,-1.17397,-3.54019,-2.7966,1.34216,-4.69363
872562,3.83016,3.09548,0.51071,-2.0721,-1.71942,1.06164,-1.48413,4.73528,2.67503
872764,2.91533,0.52851,3.51705,-1.85875,4.03377,-1.20223,-4.58389,4.14886,-3.31756
873968,3.90933,0.91104,2.05927,-2.33794,-0.9945,-0.87686,-4.64001,0.11931,1.38913
877168,-3.94381,1.89948,1.4029,0.14753,0.46375,2.67862,2.10176,1.50858,-0.12052
877269,1.17881,1.54284,-1.24212,4.69521,0.72571,0.73791,1.78579,2.45309,-1.30575
880157,-1.32171,-1.58052,3.62587,3.27143,-0.77926,2.52392,-0.36077,3.88693,-0.67787
882161,2.06118,-0.01345,1.04566,-2.78578,-1.09075,4.12231,-3.6292,-2.86673,2.79959
885975,0.66693,1.59889,1.67364,1.48976,4.94766,-1.71603,4.35871,-1.24206,2.71266
887373,-4.88488,1.20807,4.76065,-0.22625,0.72382,-1.37818,2.30851,-0.94349,-2.5676
889579,0.59548,3.56469,-4.68023,4.03606,-1.62345,2.23654,4.09694,0.57447,-1.40775
891667,-2.59636,3.33399,0.56364,2.80894,1.13877,4.52522,-0.16093,-2.76675,0.4069
894067,-2.02769,4.33472,4.22221,0.38905,-0.80001,4.39165,4.80765,-4.40201,0.80194
894673,-3.93873,-3.61557,-1.62711,1.08826,-0.07856,4.20072,-0.82132,4.38725,-3.25827
894774,-1.87764,0.32862,-1.4938,3.58429,-3.89059,-0.18861,-2.72765,2.38505,3.32196
896778,4.91933,3.13178,0.77357,2.35964,-2.14539,-1.50536,2.49871,-1.96934,-1.59713
896879,-2.14637,0.99077,1.95948,-4.47377,3.18036,1.88057,-2.1045,2.22652,-1.4077
898176,-2.04704,-0.02285,1.97407,-2.41724,4.93891,-1.08925,-0.02597,0.54827,3.13851
899885,2.2779,0.94906,2.58106,-2.12312,1.11268,-2.75,1.608,3.58233,4.15391
901038,3.22124,-2.53261,-2.04181,-1.18716,2.66805,-3.67222,-2.90453,0.82343,0.60646
901139,-4.56461,-4.5663,2.56409,2.49683,-0.4617,-0.33263,-0.74817,-2.8689,-2.52028
901442,-1.29791,4.61939,0.5824,0.63599,-2.81976,-2.8228,0.20816,-3.47211,4.98394
902242,-2.38351,-4.78533,4.39427,-0.13182,-0.4146,-4.61433,-4.12437,-3.10066,4.17523
904044,-4.80155,3.48427,-1.55518,-1.10703,-0.77077,2.95829,2.68283,3.95088,0.09284
907656,2.8407,0.10317,2.7988,-2.04375,-4.82065,0.18925,3.78378,2.27667,3.49157
910241,1.07779,-0.18028,2.14956,0.12233,-2.11302,-2.05568,1.47943,-1.63014,4.03681
910443,4.19858,0.76804,2.9341,0.83876,-3.83998,4.26655,3.46353,-3.59921,1.83758
912447,-2.73078,-4.32327,-0.74233,-2.12798,-3.91619,-2.68715,-3.36734,3.59639,-3.59683
917255,-4.71496,-0.07677,4.64215,-2.94285,2.02959,-3.01023,-4.28474,3.37139,2.25448
917558,-4.3535,0.59539,-1.17899,-4.56076,1.35077,2.3533,-4.92797,1.49081,3.7265
919966,4.15607,1.90379,2.54801,3.0129,-1.27786,3.39634,2.12804,-4.11528,4.17205
922854,-4.89719,-0.04409,2.08109,3.99065,-3.78287,2.14244,-4.31301,-2.60935,-2.16699
923755,0.99727,4.22885,2.38474,1.15434,-0.04079,-3.25768,-3.54109,-1.98715,-2.75812
930449,2.79309,-2.21216,2.59969,-3.30002,-2.70509,2.12521,-4.57402,-2.72029,0.8262
932554,1.23428,-0.32232,4.7284,-0.30599,-2.99144,-3.63262,2.25165,4.43081,3.9443
937160,-4.72291,-0.15262,-0.83987,-4.65228,2.11819,-2.82015,-1.69651,-0.68223,-3.60125
951457,1.84043,2.8028,-2.43702,4.33949,1.47187,-3.09515,2.94147,0.6352,2.25963
952863,-2.3506,-0.6525,-1.56881,0.68449,3.73805,-2.36409,1.8802,-3.71101,-1.90431
953764,3.88455,-0.83024,-0.85527,-1.95901,-3.12607,-0.59017,-1.60439,1.59929,2.07306
955465,0.24372,-1.86072,-2.86991,-2.85967,3.13536,4.45136,0.67205,-3.59552,-3.58636
957974,-1.16886,0.63271,1.5527,1.93496,3.28893,-3.45765,2.43196,1.76929,-0.6417
958976,1.76045,4.13708,-0.83186,-1.16844,1.32747,2.05342,-4.25633,-2.00487,2.75502
959574,3.20622,-4.94241,-2.60281,-1.35029,-2.85774,4.88952,-1.40748,1.86597,-1.63928
962058,3.03566,4.76083,-4.37739,-4.53616,0.63517,0.88634,4.3016,-4.10577,-2.28096
965367,-1.93929,0.53762,-2.71735,-4.57628,-4.94539,-3.11273,-0.26218,0.39168,-3.5072
965771,3.23875,-3.15104,2.72495,2.46221,1.58714,2.07709,2.94791,2.38493,-4.13409
966975,-2.24807,2.49868,-0.05797,-1.20513,2.21398,-0.45925,0.9522,0.15787,-2.18592
971160,-2.83226,-0.41927,-1.38,2.92849,0.26726,-0.57709,4.25628,1.28527,3.39144
972566,0.0357,1.08212,3.14125,-1.79266,3.38561,-3.29683,-3.16947,-2.71242,-3.53744
978578,2.32325,0.23793,2.17191,4.28873,-0.97834,-3.50952,4.3029,3.62272,-0.27533
979984,4.41994,0.80575,-4.10177,0.23174,3.4854,0.16968,3.33563,2.87517,-3.20019
983773,3.5876,2.48545,1.6856,0.01237,-2.18768,1.33764,-1.82761,-1.03459,4.3005
984472,1.82938,1.33883,-4.99665,-0.39929,4.59258,1.45123,-1.5065,-0.59326,-0.32723
987983,-2.58097,-4.12043,0.77477,-0.20646,2.15255,-2.26464,-3.08756,0.71823,2.44468
990366,3.83678,4.64593,3.0027,-1.79901,0.7417,1.71498,-2.58037,-0.06003,3.80074
991267,-4.56191,1.93653,0.92125,-1.01016,-1.15463,4.05781,1.73541,3.37374,3.76999
992673,3.12549,-0.07922,1.27893,2.96778,-1.8509,-4.7927,2.0824,-2.74701,-0.47761
992774,4.06466,3.77836,4.93071,2.04476,-4.67864,-0.22267,3.22742,-1.31362,-0.08371
993675,3.39353,-4.19782,2.70136,-3.08978,3.82885,-2.23844,-0.21945,-2.7736,0.02501
994273,1.36626,0.63347,-0.04154,-1.56677,4.43786,3.12517,-0.02912,-3.10699,-3.3283
996782,0.93138,-4.14505,3.61858,4.4596,0.68888,4.72568,-2.8001,-4.2295,1.56385
